0,51.5092530654808,-0.161026458766492,-0.0147026293228524,0.0472098871480132,-0.044381843001676
0.5,51.5092529881409,-0.161026120225194,0.148311758624187,-0.0176857842717958,-0.0837390345116098
1,51.5092536523659,-0.161026260781364,0.236495758122992,0.013447315888297,-0.00432046096247425
1.5,51.5092547212147,-0.16102616412262,0.507235582608069,-0.0157490827112149,-0.0102119589693043
2,51.509256997996,-0.161026282135211,0.762073124176473,0.00858958530667368,-0.0271713340447632
2.5,51.5092604225438,-0.161026233558118,0.984217324845781,0.0127361519879728,-0.0084348369584748
3,51.5092648375053,-0.161026129822246,1.24180331924855,0.0148110754393055,-0.0119270057709257
3.5,51.5092704140314,-0.161026016106745,1.23747315051692,-0.019462763465352,0.0019526815928007
4,51.5092759859876,-0.161026154923853,1.24389397694286,-0.00657785888528417,-0.0762705389498436
4.5,51.5092815644028,-0.161026189456778,1.25281143269907,-0.00184244217698426,-0.0257824983857232
5,51.5092871959686,-0.161026216822325,1.23856113101153,0.00540995688931522,-0.0218762568335052
5.5,51.5092927702219,-0.161026177961186,1.26547314253182,-0.0257858423573825,-0.00611311499865647
6,51.5092984408727,-0.161026361857813,1.2304874623144,0.0381111605920647,-0.0487231385057194
6.5,51.5093039698495,-0.161026075289316,1.2381618237627,0.0237880728506101,0.0309794125865848
7,51.509309542901,-0.161025901878481,1.27188200372945,-0.0116875650439912,-0.0298484701113992
7.5,51.5093152560558,-0.161025973874265,1.2527564029189,0.0157010874655833,0.00681471546978634
8,51.509320884873,-0.161025848064797,1.23704992516882,0.00405778373541632,-0.0582103956409094
8.5,51.5093264481284,-0.16102581427561,1.25778593332773,-0.00134883022814568,-0.0656112892251316
9,51.5093320953309,-0.161025827544144,1.26337803805832,0.0186571230362399,-0.0478305924676907
9.5,51.5093377680181,-0.161025693657936,1.26798360288004,0.0358564354783158,0.105717817795579
10,51.5093434692358,-0.161025452894098,1.23491308007756,0.0385617913544424,0.0410534065859173
10.5,51.5093490214477,-0.161025185983597,1.24785652137551,0.0169877733970745,0.00747440697448943
11,51.5093546239158,-0.161025069386832,1.27459011366728,0.00158341419791638,0.00879254146261523
11.5,51.509360349486,-0.161025057483099,1.25367758359805,0.0351346106373251,-0.0195866745777917
12,51.5093659801523,-0.161024806627857,1.26178013425691,-0.00787824126084269,-0.0202227434210788
12.5,51.5093716554865,-0.161024859462269,1.24009499492744,-0.0165199218334771,-0.0104145791814507
13,51.5093772272862,-0.161024990319787,1.24060563223547,0.00369121074501124,-0.0385858550977981
13.5,51.5093828042518,-0.16102498492805,1.24402881104051,0.0122549812860715,-0.0506998503152604
14,51.5093883921005,-0.161024898978227,1.27036735940951,0.0141307860293727,-0.0438057203399262
14.5,51.5093940948701,-0.161024788379374,1.24435394602413,-0.0435746269811844,0.00634456492416129
15,51.5093996837103,-0.161025101571469,1.25485425114729,-0.0319927280839352,-0.0711104064843545
15.5,51.5094053180542,-0.161025322091478,1.22514118851952,-0.00922501521243652,-0.106556832159441
16,51.5094108243544,-0.161025404840612,1.21761203752851,-0.00332063954499148,-0.0638830900481274
16.5,51.5094162949996,-0.161025412103075,1.24048292611902,-0.0103175202862408,-0.0194701344808287
17,51.5094218599931,-0.161025489367814,1.21066532848084,0.000729193124978377,-0.0471935727550645
17.5,51.5094273027744,-0.161025480595671,1.23657008254127,-0.00109857905685637,-0.0602266185456698
18,51.5094328614957,-0.161025469248413,1.25086741750098,0.00669358880416627,-0.0477538151895491
18.5,51.5094384831788,-0.161025410696212,1.23109308775868,-0.0111210477507145,-0.0314714105773557
19,51.5094440102129,-0.161025472948416,1.24483293359453,0.00416286441720097,-0.0435473281664386
19.5,51.5094496023168,-0.16102544511208,1.25223038533752,0.0160243705217251,0.0276249075840524
20,51.5094552287028,-0.161025345182309,1.25905956594348,0.0131427724460146,-0.000120300010901287
20.5,51.5094608736695,-0.161025235019393,1.24296793806394,0.00929794834679189,-0.0245479083408478
21,51.5094664507075,-0.161025160161138,1.22788425056315,0.020400200572069,-0.0412142224623804
21.5,51.5094719650349,-0.161024991650544,1.23668523577307,0.00899142266460661,0.0513203056315547
22,51.5094775277957,-0.161024954217601,1.26039049874704,-0.0267533050145234,-0.0421844737875672
22.5,51.5094831964341,-0.16102516715778,1.24116648180461,-0.0155707906790242,-0.0587825428789555
23,51.5094887847673,-0.161025301557464,1.25744326487948,-0.0205550234048831,0.0129116117677305
23.5,51.5094944336203,-0.161025451496893,1.20677453863132,0.0279424015390097,0.00336850852961273
24,51.5094998489683,-0.161025240044928,1.23915795868426,0.00904818042993616,-0.0671233585387273
24.5,51.5095054136308,-0.161025173456677,1.23349543747544,-0.00727181721226692,-0.0164158173144027
25,51.5095109527386,-0.161025236459292,1.25209763999563,-0.00691590042202498,0.00429653616885678
25.5,51.5095165853679,-0.161025278789512,1.25573696640644,-0.0416531090185476,-0.0258097854461889
26,51.5095222209198,-0.161025585196494,1.27318406491218,0.00664788925337622,-0.0206128341919874
26.5,51.509527930298,-0.161025535321212,1.25214723175617,-0.0237136155453519,-0.088343010881992
27,51.5095335524369,-0.161025711955552,1.21025945739915,-0.00706363809724547,-0.0356210333701913
27.5,51.5095389979407,-0.161025752932607,1.24059786063534,-0.0561009375585905,0.0448171482058645
28,51.5095445745674,-0.161026166571069,1.25345352504872,-0.0293284822623153,-0.0276838378007054
28.5,51.5095502103943,-0.161026393274185,1.24161736128794,-0.0351859926709035,-0.00840990028753414
29,51.5095557834098,-0.161026642655208,1.24828730910005,-0.044764304186128,-0.0908983745971683
29.5,51.509561391966,-0.161026970880706,1.24254033094847,-0.0260815882019205,-0.0616828250360836
30,51.5095669837357,-0.161027158992117,1.25242458116935,-0.00411775463168967,-0.0694570990015812
30.5,51.5095726109555,-0.161027181465479,1.25275082897317,-0.0147399690326441,-0.0361854665845561
31,51.5095782276821,-0.161027273121393,1.257759266758,-0.0126107068658867,0.0102765289695984
31.5,51.5095838712364,-0.161027364579944,1.23329554857127,3.6331225237946e-05,-0.0250566802913793
32,51.5095894095376,-0.16102735442934,1.23592468539605,-0.0185999109786213,0.0395214660355625
32.5,51.5095949521075,-0.161027458896264,0.99391450891654,-0.0188385854797016,-0.0384221050436097
33,51.5095994162103,-0.161027623687517,0.750394910039099,-0.00994380727977881,-0.093022168025489
33.5,51.5096027833647,-0.161027692573719,0.51004147029801,-0.0226935372420416,-0.0510945738043598
34,51.5096073703124,-0.161028018058214,0.235640980048903,0.00322651999155854,0.000556520066069155
35,51.5096094842056,-0.161027956232556,0.228491204705407,0.0692642984998878,0.25931896600963
36,51.5096105040135,-0.161027449959195,0.254250084681822,0.133953780776388,0.488492536936343
36.5,51.5096116444949,-0.161026491566214,0.174313469505364,0.17758671927597,0.761518502949756
37,51.5096124194602,-0.161025209237463,0.106106288947793,0.216072684622958,1.05211565306362
37.5,51.5096128870787,-0.161023638714014,0.0616569974690943,0.228079639341747,1.32712345300905
38,51.5096131585035,-0.16102198753412,0.0137659973121013,0.226849719414943,1.53571267636206
38.5,51.5096132147899,-0.161020359657809,-0.0541534081545256,0.243453939346793,1.82388828965105
39,51.5096129799801,-0.161018614183972,-0.131361431834764,0.233314252086793,2.02072791720968
39.5,51.5096123896584,-0.161016941714651,-0.154756461228507,0.166821767763361,2.22473675694227
40,51.5096116825963,-0.161015741459082,-0.230822032922431,0.130945834769897,2.51052869727732
40.5,51.5096106405799,-0.161014787515627,-0.217265566496255,0.0729604717420944,2.88365790123881
41,51.5096096472845,-0.161014263765299,-0.256051715212326,0.00498313624606679,3.10661846497675
41.5,51.509608490508,-0.161014232200257,-0.522243011616365,0.0373652834171826,3.11041374452175
42,51.5096061406856,-0.161013950519545,-0.759098346678323,-0.0216686483098951,3.10203671040021
42.5,51.5096027235184,-0.16101410139057,-1.02269349432741,0.0209282912993359,3.23224167773678
43,51.5095981176133,-0.161013944940465,-1.25186680431359,-0.00156133883495139,3.17351134317099
43.5,51.5095924858262,-0.161013951595127,-1.24761022458185,0.0167432117763466,3.05621612427119
44,51.5095868732037,-0.161013840415293,-1.2602764725293,0.0227098826763694,3.0800363848838
44.5,51.5095812082019,-0.161013674188327,-1.21935730419465,-0.00364408501815842,3.16444162452124
45,51.5095757127888,-0.161013688774124,-1.23890331136961,-0.023998246386928,3.10364772260363
45.5,51.5095701489129,-0.161013852140986,-1.23406884101836,0.00471828274477367,3.14947919958718
46,51.5095645894009,-0.161013795988898,-1.25930283647493,0.0269346633855146,3.08128491663619
46.5,51.5095589256036,-0.16101358606116,-1.25511536496043,-0.0216268043242954,3.14041450050436
47,51.5095532822811,-0.161013755764871,-1.26125465132244,0.00954609004776287,3.15425058418696
47.5,51.509547610673,-0.161013692079823,-1.20791045143127,-0.042582181680298,3.10557816496676
48,51.5095421776776,-0.161014003468922,-1.26761928510388,-0.0279615694058161,3.06673410317161
48.5,51.5095364752312,-0.161014204642074,-1.23637581089301,-0.0287797783605514,3.09212057164042
49,51.5095309124644,-0.161014421337076,-1.2508076756455,-0.0290568586529706,3.10613039063275
49.5,51.5095252778437,-0.161014612944814,-1.27193525109263,0.00591987802154857,3.17472668050634
50,51.5095195614923,-0.161014581234965,-1.23501142722296,-0.0301480128991289,3.15981081223008
50.5,51.5095140159631,-0.161014807390089,-1.26306154203507,0.0425197153901813,3.04488237673305
51,51.5095083422506,-0.161014508021689,-1.27443001510528,-0.00237747637139523,3.18286642838943
51.5,51.5095026151305,-0.161014537441589,-1.24404631370253,0.0173777875964084,3.07204311375819
52,51.5094970168162,-0.161014427790574,-1.28379390908152,0.0045052931131222,3.04275834419462
52.5,51.5094912410281,-0.161014376009173,-1.24870463085451,0.00940404559526955,3.13494122301925
53,51.5094856313859,-0.161014306802555,-1.23739004847031,0.020822829274283,3.18557895628103
53.5,51.5094800656257,-0.161014143770364,-1.23940950296547,0.0072911953121663,3.06930381251585
54,51.5094744908086,-0.161014087068731,-1.23611114301849,-0.00997896953740417,3.15613079248355
54.5,51.509468920474,-0.161014168678997,-1.27013224174922,0.00849335675302663,3.19685996520516
55,51.5094632145066,-0.161014112478209,-1.25927205528749,-0.00838016974025247,3.16287533288924
55.5,51.509457541973,-0.161014149212841,-1.26117008007189,-0.00718726116007584,3.14777360450094
56,51.5094518665398,-0.161014198271424,-1.27289035499375,0.00321801320674539,3.06163098558624
56.5,51.5094461448716,-0.161014169559123,-1.23872111363622,0.0287541048318361,3.10817899004091
57,51.5094405695965,-0.161013966898215,-1.26567084649021,-0.00978308423169606,3.07941953142094
57.5,51.5094348826725,-0.161014033255916,-1.23952617495483,0.0184393288210151,3.0829869233255
58,51.5094293121004,-0.161013902661102,-1.24209053717961,0.00654844903304395,3.10691072559599
58.5,51.5094237206492,-0.161013866328125,-1.25238284096163,0.0375838606023969,3.14687230076724
59,51.5094180949198,-0.161013587111474,-1.26384222582221,0.0715110627031756,3.00336499412261
59.5,51.5094124170431,-0.161013085874354,-1.25738711944756,0.0259196805540709,3.05980841504286
60,51.5094067575733,-0.16101290390427,-1.27466994003262,0.0111646611866628,3.13073061968946
60.5,51.5094010273341,-0.161012814627572,-1.25161530293488,0.0206422348401568,3.06515103368951
61,51.5093953875018,-0.161012659245545,-1.26434215873705,0.0209668274537764,3.14224943845082
61.5,51.5093897039125,-0.161012503075831,-1.25341285213576,-0.00776518147932675,3.1178215100432
62,51.5093840672835,-0.161012564983643,-1.23745119805682,-0.0295532993668134,3.06991581919939
62.5,51.509378503804,-0.161012798883811,-1.23698349145877,-0.0365688151625303,3.14567806446255
63,51.5093729332571,-0.161013071257013,-1.25682785980779,-0.0240076473601921,3.13180294823656
63.5,51.5093672777741,-0.161013228699935,-1.26212310407909,-0.0040875420034892,3.10748055465282
64,51.5093616031165,-0.161013265525594,-1.2455420405996,-0.0371336713667499,3.22360521263923
64.5,51.5093560030898,-0.161013538536514,-1.28162924198235,-0.000596300628069514,3.14530493924841
65,51.5093502293172,-0.161013547595896,-1.24278205731059,-0.0387804748951066,3.17137633949288
65.5,51.5093446384,-0.161013832298357,-1.23559670269292,-0.0161257839264601,3.16956272772456
66,51.5093390792428,-0.161013954001246,-1.26831736611273,0.00454243307378371,3.13601679613343
66.5,51.5093333832513,-0.161013939922785,-1.2381000824633,0.0480163164875684,3.11280038977141
67,51.5093278131375,-0.16101359986359,-1.26123200275532,0.0533875348547715,3.11352356694698
67.5,51.5093221298061,-0.161013205691473,-1.27244612345195,0.0127091562000964,3.10996046157106
68,51.509316410264,-0.161013099773972,-1.22135870164455,0.00401435583619606,3.11222255488931
68.5,51.5093109221487,-0.161013068611108,-1.23117234916058,-0.00196878078652918,3.06145345244005
69,51.5093053728661,-0.161013085675352,-1.22256825256312,0.00636073397787928,3.14688703309146
69.5,51.509299866401,-0.161013046944925,-1.22808233511249,-0.000572335824014782,3.13188638370145
70,51.5092943568187,-0.161013060300751,-1.25443033960173,-0.00487255329121807,3.06971885006665
70.5,51.5092887204101,-0.161013095718572,-1.25145214332842,0.00177121706013529,3.14190903117884
71,51.5092830933211,-0.161013077255604,-1.2624798529193,0.00933154062241982,3.1306949538862
71.5,51.509277422206,-0.161013011040494,-1.25318907250043,0.00660263765375157,3.0968777736947
72,51.5092717828655,-0.161012958846701,-1.25893618874829,0.00958520852095671,3.07018735228843
72.5,51.5092661179432,-0.161012887851641,-0.977183874552653,-0.019972731882736,3.17503058421702
73,51.5092617188214,-0.161013023014385,-0.751444094855979,0.016225300637209,3.09286791289948
73.5,51.5092583477759,-0.161012903652491,-0.492376889384451,0.0108632953157289,3.04891986259967
74,51.5092561283117,-0.161012828031924,-0.261849664039316,0.00811902613048763,3.09494328042238
74.5,51.5092549452152,-0.161012759049898,-0.211094812193884,0.0846869771808724,2.83837339473488
75,51.5092539875007,-0.161012134295042,-0.216578809842554,0.118812733811696,2.56351039201658
75.5,51.5092530047636,-0.161011272032955,-0.155680930781256,0.156417526067878,2.33808746191938
76,51.5092523043397,-0.161010141717748,-0.140246161304726,0.254321897829612,2.05680848400841
76.5,51.509251669925,-0.161008295629801,-0.0422996696531034,0.242377472309824,1.75998009726533
77,51.5092514844245,-0.161006554199605,0.0194724827915243,0.263067855476328,1.54126484883801
77.5,51.5092515659225,-0.161004673309074,0.0654089566529691,0.233225268479562,1.31334897979812
78,51.5092518644297,-0.16100300289571,0.133028902721563,0.232079762313995,1.04504453834201
78.5,51.5092524625148,-0.161001330169707,0.162598704956598,0.185114145895561,0.748285882738537
79,51.5092531796845,-0.160999989568796,0.21541031614001,0.156886825659303,0.478080356404518
79.5,51.509254146807,-0.160998842786226,0.220997949233856,0.0660601448230238,0.260046057435111
80,51.509255135541,-0.160998356759696,0.230961642478234,-0.000207371227327623,0.0153260675125719
80.5,51.5092561729857,-0.160998342556114,0.498697596724434,0.000911273700956689,0.00311070912230041
81,51.5092583990808,-0.160998345055474,0.748986829199846,-0.010407502270489,-0.0392221127298583
81.5,51.5092617597076,-0.160998429011337,1.00721849343585,0.00653797705583982,-0.0431096616888504
82,51.5092662878529,-0.1609983935908,1.24520328948393,-0.0415884688332283,-0.0113622919180878
82.5,51.5092718907459,-0.160998699319131,1.24415212524851,-0.0239429320796861,-0.0173245613813929
83,51.5092774859595,-0.160998888506154,1.26124939345237,-0.0204912787791439,0.00335918215331652
83.5,51.5092831376489,-0.160999038367286,1.2709997745676,-0.0197025435283931,-0.0130905199488752
84,51.5092888467569,-0.160999163510833,1.25625817006148,-0.000203602497333776,-0.0796529126717388
84.5,51.5092944986596,-0.160999165539441,1.23743650350228,0.00634884265994203,-0.0383909667815031
85,51.5093000496117,-0.160999125056083,1.27243434409136,-0.0466701180057538,0.0189114774283888
85.5,51.5093057689459,-0.160999460197415,1.25964593300138,-0.0279343280039476,-0.013848122206302
86,51.5093114368394,-0.160999675074605,1.26315286514859,0.00530153925832673,-0.00842595770236895
86.5,51.5093171113816,-0.160999641785727,1.24514868578157,0.0244724314960625,-0.0418840604735952
87,51.5093227066273,-0.160999465767101,1.25264859726996,0.0291279342512756,-0.0229206599188398
87.5,51.5093283317627,-0.160999253365982,1.23630740768315,0.0170332558630407,0.0312483335809594
88,51.5093338827195,-0.160999129403331,1.2219585443928,-0.00751224861835454,-0.0832143860251831
88.5,51.5093393723914,-0.160999182395235,1.24988634321791,-0.0601554742589234,-0.038417637105443
89,51.5093449946636,-0.160999625136268,1.268561566211,-0.0369697668108397,0.0195962572905979
89.5,51.509350693271,-0.160999901723714,1.24787768201415,-0.0350139426476096,0.0162991265140198
90,51.5093562966934,-0.161000160689985,1.26796840057289,-0.00782022662680539,-0.0354278711670732
90.5,51.5093619939908,-0.161000198824939,1.2570892215385,-0.0252034714580966,-0.0265748539376658
91,51.5093676468814,-0.161000376405245,1.24154341370232,0.0281377993383687,0.0163468343037251
91.5,51.5093732261945,-0.161000166299455,1.24047623447753,-0.0162283324879755,0.0098312131153272
92,51.5093787912272,-0.161000286015154,1.26491596844818,0.00415487395096962,-0.0628184244563738
92.5,51.5093844730954,-0.161000245613013,1.23502273634165,-0.0340389590859896,-0.026090865960964
93,51.5093900362925,-0.161000489025175,1.24420868349093,0.00215166114129116,-0.0641914488862499
93.5,51.5093956229566,-0.161000482911769,1.24300920872306,-0.0336952789048362,-0.021942312812359
94,51.5094012203289,-0.161000723138869,1.24707290976388,-0.012275038025197,-0.0491605047692202
94.5,51.5094068253994,-0.161000816825316,1.24447276418418,0.00552483424276286,-0.0188218075327379
95,51.5094124100321,-0.161000762499175,1.27708645050077,0.0241395784419745,0.0528228837748663
95.5,51.5094181452272,-0.161000584206192,1.24399941740336,0.00909818626314854,0.00140943833361939
96,51.5094237337576,-0.161000510391114,1.24925408841424,0.0523193078735479,0.00131080023063787
96.5,51.5094293456333,-0.161000128273129,1.2642161941826,-0.0133821801915773,-0.062656832763605
97,51.5094350283445,-0.161000221595305,1.22996205894947,-0.0106692621425246,-0.0411706657637667
97.5,51.5094405553763,-0.161000289256399,1.2463824549727,0.0227758244842913,-0.00787254758613404
98,51.5094461601278,-0.161000105822872,1.23839896651657,0.0291062839058517,0.0460456335951633
98.5,51.5094517126196,-0.160999894109542,1.29452995953885,0.00825693253963645,0.0209114371457396
99,51.5094575304371,-0.160999847369851,1.25821771800155,0.0248824939952113,0.0125225351343477
99.5,51.5094631846921,-0.160999664823858,1.22978105211693,0.0254273885371915,0.00845212295071543
100,51.5094687019296,-0.160999493724503,1.23376525838212,0.0541000640624942,0.0185524780016445
100.5,51.5094742453641,-0.160999110790059,1.23645557912583,0.0556606352786245,-0.0140521551437955
101,51.5094797980637,-0.160998714871892,1.25972225281149,-0.0156725781468388,-0.0520691605797671
101.5,51.5094854509553,-0.160998822703012,1.24273806455516,0.0226961302478257,-0.00549423273714365
102,51.5094910343609,-0.160998659209345,1.2485409433819,-0.0288448053169414,-0.0207939628717636
102.5,51.509496644311,-0.160998886943967,1.2238042943652,0.0119522614225144,0.0044495870056659
103,51.5095021536593,-0.160998824258813,1.24602652388058,0.0100659357812988,0.0107059877745797
103.5,51.5095077452076,-0.160998761383259,1.27188209357736,-0.0160524696289855,-0.0682667700527495
104,51.50951344886,-0.160998871194217,1.24055500040921,0.0502509392205091,-0.000634946566906033
104.5,51.5095190227626,-0.160998527029452,1.27601642042025,-0.0261261363490899,-0.0705908322983819
105,51.5095247469067,-0.160998706761875,1.26811858659055,-0.0309568695273772,-0.0511706045004591
105.5,51.5095304411404,-0.160998916606545,1.22247244024177,-0.0286386466569229,-0.0637107769373884
106,51.5095359189447,-0.160999105475246,1.2578247508104,-0.028679913295014,-0.0241704905766787
106.5,51.509541571493,-0.160999326655841,1.27329204977038,-0.0317224437253884,-0.0522969218409096
107,51.5095472911591,-0.160999534382614,1.26481376298326,-0.00152676813427174,-0.0381090609738272
107.5,51.5095529730709,-0.160999539312434,1.24199500454679,-0.00584174434887216,-0.0441264074857531
108,51.5095585597572,-0.160999557497797,1.23720521431456,0.00317698048052077,0.00393495175241199
108.5,51.5095641080229,-0.160999539448158,1.26745912949612,0.0119793411378965,-0.0670560747870644
109,51.5095698034544,-0.160999444977453,1.26856423947033,0.00515281316506592,-0.0482422701898624
109.5,51.509575503801,-0.160999402837597,1.28272173400268,-0.013828576439997,-0.096182161894831
110,51.5095812706051,-0.160999525473322,1.27048040807648,-0.0140784886466243,-0.0854244152293673
110.5,51.5095869754749,-0.160999623341675,1.25769815688023,-0.00542059044380881,-0.025004137501567
111,51.509592624326,-0.160999661367615,1.28037662636355,-0.0437415202267328,-0.0177181796299922
111.5,51.509598371671,-0.160999974176359,1.02662436930391,-0.0200035715997751,-0.0113606893986565
112,51.5096029867747,-0.161000131136504,0.768536515935578,-0.0118384046500693,-0.0516664784590917
112.5,51.509606427019,-0.161000222889323,0.500161616568329,0.00141606763146032,-0.111166748094706
113,51.5096086770676,-0.161000216485303,0.246629392104763,-0.0117854230563681,-0.0579060683737299
113.5,51.5096097907464,-0.161000305605769,0.216444335120793,0.0653835984046468,0.200515314874357
114,51.5096107584893,-0.160999841075921,0.220994364006884,0.15447386946697,0.501326522026546
114.5,51.5096117447205,-0.160998707106022,0.12577498479466,0.208376945707665,0.796677973282936
115,51.5096123062571,-0.160997201401358,0.132442369015056,0.187459833207859,1.12170010734446
115.5,51.5096129006393,-0.160995863140341,0.0519316596215765,0.256615828770245,1.27102375984969
116,51.5096131278212,-0.160994017188927,-0.016211537177594,0.259558910680601,1.56509731453809
116.5,51.5096130531103,-0.160992160296234,-0.0620004640691525,0.22295811325995,1.79824304121405
117,51.5096127663165,-0.16099054918399,-0.121067900491491,0.2091615174548,2.04855538920771
117.5,51.5096122201101,-0.160989042452816,-0.16519849728796,0.197025759970619,2.31695256663923
118,51.5096114753837,-0.160987627012311,-0.209441597792601,0.123087998864291,2.60538275714358
118.5,51.5096105391323,-0.160986753982512,-0.255568740655316,0.0666054183026303,2.82766706862822
119,51.5096093901116,-0.160986279075298,-0.24208691007512,0.0168179126635363,3.12910482280194
119.5,51.5096082886932,-0.160986165711328,-0.497468446041973,0.0116073300729273,3.11186254058851
120,51.5096060438895,-0.160986084423403,-0.770541348535542,0.022279246512131,3.08062421526653
120.5,51.5096025800829,-0.160985941934618,-1.00318698509278,0.0548596340617723,3.05600577544441
121,51.5095980717925,-0.160985548092955,-1.22393652860507,0.0179708282692037,3.10051264700946
121.5,51.5095925643464,-0.160985416529549,-1.25236273510622,0.00459421882299688,3.11833093150928
122,51.509586926616,-0.160985392393845,-1.25816024303416,-0.0129029672501558,3.11602770601655
122.5,51.5095812707935,-0.160985477118031,-1.26250688926638,0.0405487073304996,3.14217745234582
123,51.5095755927386,-0.160985194107914,-1.23362899102406,0.0150277701775112,3.11567044409999
123.5,51.5095700413139,-0.160985083748327,-1.25169334806775,0.0115243093085076,3.13203414502125
124,51.509564409843,-0.160984991534859,-1.25115232595925,-0.0365652210853501,3.16689030051785
124.5,51.5095587868536,-0.160985268060162,-1.23689286465676,-0.0136721888701485,3.11794251546557
125,51.5095532279065,-0.160985381941118,-1.26071221178742,-0.0186164653445813,3.18059293981649
125.5,51.5095475625764,-0.160985521867091,-1.25329273862818,-0.0340039679101863,3.14015461748808
126,51.5095419241539,-0.160985760544659,-1.2440223027828,-0.0525768002077572,3.14681999674022
126.5,51.5095363262218,-0.160986125691305,-1.25252627133597,-0.0112149350338117,3.17553777166166
127,51.5095306907286,-0.160986206182487,-1.25011208886732,0.00659839554604388,3.10861704848454
127.5,51.5095250617145,-0.160986163805566,-1.26951955930993,0.0359377800891807,3.01033273945035
128,51.5095193504866,-0.160985904952862,-1.22545690077881,0.000460205678782992,3.09237032476572
128.5,51.5095138325934,-0.160985912843136,-1.21292947128842,0.0207053299150091,3.04409480912539
129,51.5095083836937,-0.160985762768625,-1.23176953152617,-0.00810515636210242,3.1440528208444
129.5,51.5095028493557,-0.160985819497273,-1.24115070505302,0.0363294839151073,3.08521605261017
130,51.509497260353,-0.160985552165035,-1.2549833082297,0.00716873897829744,3.10363574964496
130.5,51.5094916119064,-0.160985498387452,-1.22420829060943,-0.0172356613028637,3.16319654677544
131,51.5094861080565,-0.160985609902919,-1.26674304289854,-0.0138299118668338,3.14441363101534
131.5,51.5094804133291,-0.160985700325357,-1.27149824473334,-0.0091560591425584,3.12913575352695
132,51.5094746971879,-0.160985766240272,-1.25772123029011,-0.0171209054067044,3.12886951053087
132.5,51.5094690415291,-0.160985901384962,-1.24198686316262,-0.0183817653621622,3.1781092647324
133,51.509463456201,-0.160986023744829,-1.2659543913509,-0.00358902612667492,3.16071134103759
133.5,51.5094577541167,-0.160986054756689,-1.24130314566532,0.0247021963385153,3.14691274353667
134,51.5094521701713,-0.160985847965987,-1.25481829453358,0.0337008275515929,3.12974947063314
134.5,51.509446524081,-0.160985613774826,-1.24644966189053,0.0541074976763166,3.132521189621
135,51.5094409133005,-0.160985229507217,-1.26725854030318,0.0548387866116551,3.10841234230723
135.5,51.5094352033206,-0.160984844597669,-1.22867072129857,0.0430027536634959,3.05526150072884
136,51.5094296811122,-0.160984533498773,-1.21651135472657,0.0248061019931139,3.12562056616564
136.5,51.5094242074954,-0.160984357387404,-1.23806764030866,-0.00844299064045646,3.15631395431658
137,51.5094186420852,-0.160984425786968,-1.25465776066809,-0.00270257315263425,3.12895852232272
137.5,51.5094130041291,-0.160984444770325,-1.26076411089192,0.0199790278496325,3.09290433617564
138,51.5094073443963,-0.160984295456857,-1.2525953769187,0.0239806275058206,3.13829116609764
138.5,51.5094017088805,-0.160984128100333,-1.24322677635279,0.0231784889781668,3.09114148730861
139,51.5093961326801,-0.160983954336576,-1.22744964223652,0.0087061852221083,3.11811920561772
139.5,51.5093906068958,-0.160983884510076,-1.2512268184467,0.0314792620624311,3.11086745333279
140,51.5093849881167,-0.160983668832441,-1.23890164705453,0.0311625880783502,3.13894821274785
140.5,51.5093794105728,-0.16098344364756,-1.237904854094,0.0255782161556214,3.09067336905927
141,51.5093738490408,-0.160983255777248,-1.27122264313339,0.0301919632883533,3.11624409368255
141.5,51.5093681348509,-0.160983042887668,-1.27357101834607,0.0271838042849225,3.16041561593979
142,51.5093624041638,-0.160982854361592,-1.23639704583029,0.0325074119799517,3.0774871255624
142.5,51.509356842918,-0.160982620387724,-1.23414380555064,-0.0212698694194998,3.1034018039667
143,51.5093512978056,-0.160982781629156,-1.26607877889733,-0.00541443927160744,3.06655584745912
143.5,51.5093455946213,-0.160982808510548,-1.26096414683863,0.0227341231151722,3.10234620963647
144,51.5093399211145,-0.160982655330862,-1.2580952526282,-0.0118925644503506,3.14734880532363
144.5,51.5093342703532,-0.160982757537246,-1.24867150569774,-0.013153507287461,3.19088446922779
145,51.5093286493414,-0.160982854734692,-1.22271601468829,-0.000873887788007965,3.13984314952043
145.5,51.5093231499642,-0.160982866030762,-1.26308157447443,0.0123160600696249,3.08262153690127
146,51.5093174586707,-0.160982766833225,-1.24394006444155,0.0297869952759635,3.08098821066335
146.5,51.5093118669489,-0.160982546683696,-1.24965547855496,-0.00155155033434359,3.11611765155956
147,51.5093062477552,-0.160982567378262,-1.26942149417561,0.0366760227420729,3.16224491123677
147.5,51.5093005413378,-0.160982299661069,-1.24851538244377,-0.0150150601907522,3.14732922272943
148,51.5092949229811,-0.160982408165712,-1.22481781913326,0.0222946480104512,3.13326682045739
148.5,51.5092894096223,-0.160982239360844,-1.28005958126019,0.0161686019661967,3.1437063799692
149,51.509283653017,-0.160982122797902,-1.25686167601447,0.0384179016129846,3.13678849695286
149.5,51.509277995866,-0.160981855322197,-1.27457471421263,0.0114466881667378,3.10464511718463
150,51.5092722613474,-0.160981789857337,-1.26837178368841,0.0206213460407922,3.12696084987681
150.5,51.5092665582951,-0.160981634970837,-1.01969495373464,0.0107076737271552,3.13566585579941
151,51.5092619754668,-0.160981550358428,-0.759562641471822,0.0127152354473734,3.11904681320858
151.5,51.5092585575558,-0.160981446671972,-0.495072798902006,-0.0220787587289247,3.10800517793669
152,51.5092563226211,-0.160981606604694,-0.251300994498896,-0.0399279089853387,3.09665446056223
152.5,51.5092551862079,-0.160981905071127,-0.229651106822937,0.0431608628227724,2.87380678297498
153,51.5092541487745,-0.160981577531738,-0.205055879166935,0.149619603297965,2.62489014336822
153.5,51.5092532205292,-0.160980517338756,-0.166496060164731,0.153847420256501,2.40509550391898
154,51.5092524699192,-0.160979407347048,-0.126511522093283,0.217195182667926,2.15775535913903
154.5,51.5092518997548,-0.160977836352763,-0.0650595190998225,0.234738831590399,1.80962474341872
155,51.5092516020126,-0.160976148625578,-0.00708527507470724,0.227751416212283,1.55194333362697
155.5,51.509251583487,-0.160974515448751,0.0504911388807632,0.254208158565749,1.25990808212588
156,51.5092518056275,-0.160972676579213,0.123838975709228,0.217378505297919,1.06381486469315
156.5,51.5092523577991,-0.160971115026855,0.165237423597941,0.175006555366191,0.739624870981322
157,51.5092531003139,-0.160969852725324,0.221063138782707,0.125531734570276,0.566591415039448
157.5,51.5092540883443,-0.160968939523198,0.213921429023124,0.0654219695534456,0.272009690111506
158,51.5092550459518,-0.160968457985236,0.25265364142146,0.00680137592662334,-0.0511694789376247
158.5,51.5092561739595,-0.160968401312586,0.504106759479965,-0.0166971251025267,0.0055499637268832
159,51.509258432856,-0.16096850994782,0.748859235869542,-0.0293874535229754,-0.000979000142363069
159.5,51.5092617903236,-0.16096874027493,1.02089755952497,-0.0255011188573605,-0.0594351524833246
160,51.5092663771894,-0.160968923303665,1.24768541646902,-0.0134881119753346,-0.0117440553793055
160.5,51.5092719755963,-0.160969002359492,1.24195754011293,0.00135969247670426,0.00644686539113988
161,51.5092775554575,-0.160968995173124,1.25898033079412,-0.0236639241233412,0.000117489840565946
161.5,51.5092832108428,-0.160969171759483,1.25729384692634,0.00472692886189292,-0.0667475719069175
162,51.5092888593409,-0.160969142625802,1.26108026881392,0.016217837711247,-0.0246418413223987
162.5,51.5092945243681,-0.16096902475332,1.24175624660572,0.0186090667272619,-0.0338894815273939
163,51.5093001008569,-0.160968884009019,1.23351014860532,0.0193409580060731,0.0299918064927155
163.5,51.5093056417103,-0.160968748761891,1.2580299307284,0.0129615994928566,-0.00328065538505536
164,51.5093113008018,-0.16096865669479,1.26076893302911,-0.0162428871847715,-0.0148946619271991
164.5,51.509316950706,-0.160968780947005,1.23971393733433,0.0204085171253003,-0.00086818147903427
165,51.5093225199718,-0.160968625788873,1.27261313539343,-0.0146579271060895,-0.0209832482867141
165.5,51.5093282372504,-0.160968728543261,1.25986563819129,-0.00216512473708359,0.060285221797578
166,51.5093339016689,-0.160968748236765,1.25748208706892,-0.00238470995751592,0.03746495686505
166.5,51.5093395581714,-0.160968779807373,1.25943150741347,0.00779082545220572,0.0348644109563158
167,51.509345211226,-0.160968715548499,1.27021418248893,0.0237680931819602,-0.00586702125807129
167.5,51.5093509093466,-0.160968544548908,1.26420824299376,0.00115476667094877,-0.00626174420611861
168,51.5093565847729,-0.160968543218472,1.24310580374111,0.0279083253703523,-0.0313287693257739
168.5,51.5093621698184,-0.160968350764847,1.23384265440665,0.00270905955970597,0.0206160570471723
169,51.5093677143576,-0.1609683144828,1.26289202433922,0.0142941142532796,0.0345298357543904
169.5,51.5093733897496,-0.160968231253465,1.25126499944042,-0.0114063468643478,0.00535675930425192
170,51.509379012389,-0.160968308502523,1.26476710626259,-0.0275296002925753,-0.0280166558295733
170.5,51.5093846863649,-0.160968501143296,1.24377336816462,-0.00728134739965223,0.00448919753229257
171,51.5093902809269,-0.160968568075745,1.23416556230672,-0.00508669354191782,-0.0618779454462599
171.5,51.5093958255139,-0.16096859688046,1.25241247435581,-0.0110904228536136,-0.0453610743774756
172,51.5094014553243,-0.160968676987437,1.22521118631547,-0.000774040682016535,-0.0207458018235424
172.5,51.5094069688389,-0.160968692443977,1.22141828829819,-0.0124174920938611,-0.0177462904457224
173,51.5094124455134,-0.160968776993833,1.24119857100751,-0.0047394268922314,-0.0072722677541396
173.5,51.5094180259784,-0.160968822829241,1.23633481158474,0.000536769428714668,0.00997149452991522
174,51.5094235839737,-0.160968827241727,1.23042047190929,0.0358518817774579,-0.0163436673149574
174.5,51.5094291188013,-0.160968550932775,1.24577723846125,0.00115839979443696,0.0415722087254952
175,51.5094347028796,-0.160968536729579,1.25788477056909,0.0186218803472636,-0.0102410184081335
175.5,51.5094403509442,-0.160968403227937,1.26165223984085,0.0199092467271442,-0.0147489444228562
176,51.5094460267863,-0.160968254131686,1.22879930004147,-0.0128182995661646,-0.0323497006438797
176.5,51.5094515544259,-0.160968360401876,1.26672389310061,-0.00787403765009192,-0.0146367424743941
177,51.5094572448865,-0.16096840676622,1.2594675157997,0.0398557261375194,-0.0107515782617335
177.5,51.5094628991021,-0.160968117477696,1.26730585010518,-0.0113893116570239,-0.0197507684269348
178,51.5094685914882,-0.160968204084192,1.23488397400405,0.013668266682326,0.0155136232468921
178.5,51.5094741388811,-0.160968097704915,1.2379363049647,0.040484438408562,-0.0107609735401392
179,51.5094796975171,-0.160967821308867,1.26091164987387,0.0278001456437603,-0.0842503461867278
179.5,51.5094853565512,-0.160967618921959,1.25624935355385,0.0221733893962047,-0.0705026024314883
180,51.5094910003793,-0.160967468276262,1.22965456314192,0.0400543890186279,-0.0403572442971908
180.5,51.5094965302681,-0.160967201169335,1.22868196461993,0.0232433609192788,-0.0166203696320353
181,51.5095020571168,-0.16096703978563,1.24203495862475,-0.00336779939866005,-0.000902905621316921
181.5,51.5095076328253,-0.160967053782541,1.23953630205171,0.0133210929336088,-0.0112514945233414
182,51.5095131986047,-0.160966962257416,1.2270109720714,0.00471244711078964,0.0037340296060012
182.5,51.5095187064442,-0.160966922693531,1.23997487587273,-0.0136587328987729,-0.000794800831528594
183,51.5095242706323,-0.160967015708083,1.25562888240314,-0.00430287204714052,-0.0200390451960166
183.5,51.50952991422,-0.160967047728199,1.24616082088351,-0.00889899327880045,-0.00305784927597493
184,51.5095355125933,-0.160967102605681,1.24827116434649,0.022881203941852,-0.0378865377250228
184.5,51.5095411267764,-0.160966945783345,1.25744450400828,0.0041365105399449,-0.0817581753459792
185,51.5095467716813,-0.160966926262189,1.23135913526219,-0.00567925742028992,-0.0322921075449106
185.5,51.5095523049123,-0.160966952295755,1.2245545417527,0.00986771847073747,-0.0095823078901711
186,51.5095578063402,-0.160966893357646,1.26668598986437,-0.0244397924661555,0.00364883849696146
186.5,51.5095634938839,-0.160967050576472,1.25636614737965,-0.0478541811610927,-0.0576109246625568
187,51.5095691441646,-0.160967390745547,1.25309208510309,-0.0111478698723655,-0.0491563381272437
187.5,51.5095747841836,-0.160967478700614,1.24608560400196,-9.3655563901758e-05,-0.0493105710581006
188,51.5095803734334,-0.160967476169092,1.22104588243018,-0.0110357554550585,-0.0574202168810606
188.5,51.5095858644396,-0.160967553614068,1.27676331675837,-0.00746644333640913,-0.0365637050548967
189,51.5095915999973,-0.160967616697954,1.26849455030649,0.00368833015625809,-0.00450534205301854
189.5,51.5095972992007,-0.160967588000926,1.0074291572149,-0.00275923916512741,0.0273625951218134
190,51.5096018285751,-0.160967620329417,0.759602764542713,0.00803888239614982,0.0254073548239694
190.5,51.5096052460846,-0.160967570998677,0.490542379957429,-0.0114509416714357,0.0565744415305577
191,51.5096074516895,-0.16096764970829,0.237942461024689,-0.0269636522134174,0.0460795252014299
191.5,51.5096085082048,-0.160967818820484,0.264068649571752,0.0586843441223189,0.240414253145812
192,51.5096096861785,-0.160967390080518,0.217160023146819,0.135033557559345,0.546294531047526
192.5,51.5096106560433,-0.160966407194312,0.168113902915398,0.181241171817352,0.714056828754576
193,51.509611402086,-0.16096510034739,0.133673203481993,0.232738173729772,1.10692057598632
193.5,51.5096120091931,-0.160963427414106,0.0899768159355431,0.240666474464642,1.30285472882341
194,51.5096124120046,-0.16096167859818,0.0227177582837085,0.231917294789504,1.6173598714918
194.5,51.509612511611,-0.160959997491589,-0.0659649914125839,0.235433056615591,1.79866330428063
195,51.5096122128819,-0.160958302118737,-0.13806001794386,0.221579647472571,2.01695009793852
195.5,51.5096115928319,-0.160956713003197,-0.179025220333645,0.184353503320228,2.2844591366549
196,51.5096107865841,-0.160955392386276,-0.197339213934685,0.121529018471203,2.56244235348878
196.5,51.5096098923375,-0.160954504996138,-0.255567424522213,0.101306303568031,2.79921651234191
197,51.5096087412909,-0.160953769076516,-0.245454983272887,0.000598883461201588,3.05437801506148
197.5,51.5096076315558,-0.160953761716986,-0.507406452843129,0.00942003982128787,3.08713753619824
198,51.5096053475407,-0.160953711591313,-0.752831389574253,0.0187360547369301,3.16086499807961
198.5,51.5096019615492,-0.160953571687148,-1.00834106997699,0.00328485326254616,3.16303027972958
199,51.5095974268514,-0.160953557992576,-1.2745371563294,0.00881824376191765,3.14554172283204
199.5,51.5095916951452,-0.16095351122611,-1.26802186349639,0.0244350808391964,3.09049919218124
200,51.5095859950704,-0.160953319809944,-1.23409573066402,-0.0233137177393697,3.19262470211837
200.5,51.5095804374614,-0.160953495137234,-1.24831401876979,-0.0180679333748136,3.0844213186806
201,51.5095748220385,-0.160953621083789,-1.23859114118775,0.0111803384097999,3.13891176329175
201.5,51.5095692521558,-0.160953538800395,-1.26868189922346,-0.00208716631854547,3.11024752285445
202,51.5095635470212,-0.160953569094528,-1.27375422045144,0.0221690235691903,3.08123445567686
202.5,51.5095578176997,-0.160953412806915,-1.25560901076471,0.0286312138841728,3.1578345375208
203,51.5095521652282,-0.160953213830638,-1.25221294301386,0.0227881767971535,3.13630984389616
203.5,51.5095465350791,-0.160953035640907,-1.26306356663935,0.0290769596267446,3.12042700387309
204,51.509540865058,-0.160952826625829,-1.26064295316032,0.00277819866444042,3.12828264356988
204.5,51.5095351912119,-0.160952802949823,-1.26214197683581,0.0122404586895803,3.13090685954667
205,51.5095295196648,-0.160952717321928,-1.25136218402274,0.0261206913210584,3.16400359574821
205.5,51.5095238910925,-0.160952524653157,-1.24196419370334,0.0347119731206197,3.10957578227727
206,51.50951830761,-0.160952269225282,-1.23750081099305,0.0191796158956039,3.13851152613301
206.5,51.5095127450972,-0.16095213625663,-1.25276820574389,0.00717570090833032,3.10315320101337
207,51.5095071003009,-0.160952074603666,-1.26820752486078,-0.00820701854839847,3.12221149307752
207.5,51.5095013908715,-0.160952127023655,-1.2262761057428,-0.0162140672146883,3.14959755036376
208,51.5094958807909,-0.160952248146165,-1.2348665988902,-0.0215939731799699,3.18739454899806
208.5,51.5094903340139,-0.160952416993386,-1.23702728128613,-0.0211797241748134,3.11025004660055
209,51.5094847650542,-0.160952566706576,-1.24366268716693,-0.00561092296145716,3.15897184118529
209.5,51.5094791727432,-0.160952613265832,-1.23656101571502,-0.038896103947911,3.13965465570654
210,51.5094736036753,-0.160952885326679,-1.24969918041994,0.00407812907685273,3.17002677935674
210.5,51.5094679795716,-0.160952852898008,-1.262952519947,-0.00501179806429587,3.17710613325415
211,51.5094622990555,-0.160952893340058,-1.26338513179992,0.0266537029403707,3.14945979850722
211.5,51.5094566226367,-0.160952703489541,-1.25020957475451,0.0415110510815664,3.10344106165756
212,51.5094510004494,-0.160952400520209,-1.25225357215836,-0.00436385325474565,3.19318001876247
212.5,51.5094453529423,-0.160952421553432,-1.26305260889783,0.040140875857392,3.08581682111864
213,51.5094396705936,-0.160952128347157,-1.25085447456436,-0.00677609301724367,3.13661052747436
213.5,51.5094340482348,-0.160952193749522,-1.25050789679039,0.00307017215500734,3.10213413293372
214,51.509428430688,-0.160952185377195,-1.24328878765564,-0.0519240086857228,3.10138159757481
214.5,51.509422840698,-0.160952578074659,-1.23361892997516,-0.00275307521268508,3.18328099993731
215,51.5094172861999,-0.160952595102595,-1.26313458588648,0.00492209918052433,3.10183854571694
215.5,51.5094116142985,-0.160952565774161,-1.24306516837907,0.0131301256569737,3.13905877935596
216,51.5094060262787,-0.160952453756968,-1.22311671882737,0.00610688390845632,3.15483774261793
216.5,51.5094005295091,-0.160952411682672,-1.23872742238455,-0.00989818949374038,3.08364986395259
217,51.5093949605735,-0.160952461111742,-1.24305012033876,-0.018717770437386,3.14311023309258
217.5,51.5093893682781,-0.160952585645507,-1.2642960542169,-0.00975249159180813,3.15182382079911
218,51.5093836786505,-0.160952655017307,-1.2358041060259,-0.0256886570076996,3.07863710904391
218.5,51.5093781276515,-0.160952834456339,-1.25493822069673,-0.00459473665396683,3.06697343319062
219,51.5093724792951,-0.160952871332143,-1.24038734478599,0.0163900352149108,3.10214774475656
219.5,51.5093668993467,-0.160952751352438,-1.2402377933596,-0.0213581637086902,3.16048668574693
220,51.5093613213411,-0.160952909811858,-1.26472781513432,0.0184262053403244,3.09726537816031
220.5,51.5093556321627,-0.160952766050346,-1.26390225482954,0.00908510144616368,3.14632714193939
221,51.5093499483781,-0.160952695987725,-1.23177628446787,-0.0156052513185272,3.14263523999132
221.5,51.5093444128793,-0.160952803336412,-1.27300752054427,0.016030858641116,3.14409386051643
222,51.5093386848494,-0.160952699414538,-1.23037134195498,-0.0100938184936913,3.11826273975008
222.5,51.5093331468131,-0.160952779786984,-1.23666796981476,-0.00834853565495983,3.16981791231449
223,51.5093275869249,-0.160952841610915,-1.25243393735633,0.02453511860683,3.06143470585856
223.5,51.5093219536171,-0.160952660176632,-1.2461055280675,-0.00464832397006737,3.12745844150122
224,51.5093163575093,-0.160952703131152,-1.24086506646025,-0.0114291883948758,3.12250043931651
224.5,51.5093107772192,-0.160952787816067,-1.23928100353428,-0.0166612003173813,3.09716203197931
225,51.5093052096405,-0.160952915473326,-1.26099605238215,-0.0115776547503052,3.11777935336044
225.5,51.5092995452888,-0.160953001947024,-1.24682088391726,-0.00426063751726116,3.12521121315221
226,51.5092939354769,-0.160953032094027,-1.25976234136321,0.00704289759463514,3.08611160897464
226.5,51.509288276051,-0.160952988460271,-1.24105459836407,-0.0017362887719635,3.17489373120504
227,51.5092826990096,-0.160953012745441,-1.2635892788607,-0.00521284844834754,3.1303003157437
227.5,51.5092770139819,-0.160953049352331,-1.2485077500417,-0.00237628346976008,3.1759521913659
228,51.5092714006616,-0.160953067531153,-1.25916753229415,-0.00859401772289976,3.15134609276692
228.5,51.5092657310472,-0.160953128862515,-1.00070899243846,0.0219886518939263,3.13881839864874
229,51.5092612321344,-0.160952969201918,-0.760247966344629,0.00590082023103795,3.12624534167798
229.5,51.5092578134658,-0.160952938192445,-0.512592067239279,0.00271711272057476,3.15252303285872
230,51.5092555018933,-0.160952916661065,-0.254187875916346,-0.019309009844948,3.15505374456616
230.5,51.5092543566002,-0.160953058392092,-0.224826057669929,0.0924936374061773,2.83259834982209
231,51.5092533365371,-0.16095239822006,-0.22683887262762,0.137427754703557,2.59426016651966
231.5,51.5092523121557,-0.160951405434608,-0.20395549514835,0.180111164044208,2.33603714336191
232,51.5092513976343,-0.16095011056161,-0.10392664096073,0.232089581196633,2.10244888234545
232.5,51.5092509327086,-0.160948436831806,-0.0666574745763732,0.244213591962356,1.85826209722892
233,51.5092506364803,-0.160946676079589,0.0023443681353623,0.252323255610409,1.53552486689177
233.5,51.5092506410225,-0.1609448497409,0.0596848422902546,0.26594534409223,1.32133565602262
234,51.509250906613,-0.160942918570668,0.130420847625944,0.213593821578541,0.99847732653892
234.5,51.5092514974615,-0.160941384753547,0.164204127845452,0.185284257495357,0.762734805452183
235,51.5092522429123,-0.160940054582942,0.215270240560305,0.123836455549361,0.558211767810947
235.5,51.5092532118357,-0.160939173085853,0.229702581167778,0.0704150243450291,0.271290484956251
236,51.5092542394106,-0.16093865716415,0.233911299089912,-0.0223942069849305,-0.0594431597048678
236.5,51.5092552777025,-0.160938816999288,0.502876160091572,-0.007947368239167,0.00590339879962518
237,51.5092575405254,-0.160938883248784,0.770999924485381,0.00402232853950442,0.0391228636045607
237.5,51.5092610009243,-0.160938860122307,1.01803771086446,-0.0130956744756336,-0.00148988047506652
238,51.5092655732814,-0.160938940488422,1.26141701987169,0.0153153743878214,-0.0176983086400237
238.5,51.5092712470767,-0.160938842707791,1.24680322052746,0.0111796272750078,-0.0468026275372762
239,51.5092768450925,-0.160938763109381,1.24284512200613,0.0280983870839503,-0.0284553985784069
239.5,51.5092824339724,-0.1609385688017,1.24606213086595,0.0120068880276866,-0.0180388495290015
240,51.5092880335264,-0.160938491267573,1.23667588561762,-0.0421070546300628,0.00634279030828478
240.5,51.5092935858804,-0.160938792005534,1.24571856072078,-0.0224330392041222,-0.0543367271283785
241,51.5092991798705,-0.160938940611445,1.244109851223,-0.0230679655971662,-0.0743649809326873
241.5,51.5093047675343,-0.160939090660922,1.25025307077101,-0.00394225663381949,-0.0786055497156866
242,51.5093103745334,-0.160939103970042,1.23827832745253,0.00201599464490416,-0.0189859699000191
242.5,51.5093159433386,-0.160939082024614,1.25836083676031,0.000287365158180797,0.0392370838325711
243,51.509321601141,-0.160939085018408,1.22299056818923,0.0031480198414014,-0.00145254661002121
243.5,51.5093271034361,-0.160939058513158,1.2477997885456,0.0369703711821711,-0.0371187147479386
244,51.5093327147554,-0.160938801605192,1.2560792284402,0.0121097574631262,-0.0204265179398869
244.5,51.5093383523161,-0.160938720945222,1.25835035948923,-0.028116885669542,-0.00656321750043282
245,51.5093440047584,-0.160938928591424,1.24602332346502,0.0100899347191983,-0.0126515515394432
245.5,51.5093496021304,-0.16093886574869,1.2357161555504,0.00374260655079746,-0.0405364657701745
246,51.509355154639,-0.160938841377562,1.2515703424481,-0.00754851829175266,-0.0359495385438707
246.5,51.5093607825923,-0.160938880782937,1.25604213120058,-0.033902444870697,0.0275566803248509
247,51.5093664245183,-0.160939118660921,1.21579707454514,0.0250732196615809,-0.0614345233265865
247.5,51.5093718880178,-0.160938948437424,1.23509700084144,-0.00615952133501328,-0.0408978905762606
248,51.509377436029,-0.160938987377171,1.25001098953737,0.00365074211193194,-0.0074181405072657
248.5,51.5093830459139,-0.160938950718995,1.22591682565388,0.00854161296772177,-0.0579631495938104
249,51.5093885501847,-0.160938902729883,1.24717671797448,-0.00996248306680966,-0.0163916730754765
249.5,51.509394156537,-0.160938986258597,1.21650961196828,-0.00642784002141406,-0.0574467540887394
250,51.5093996257855,-0.160939028634344,1.25390673016897,-0.0132366153683592,-0.0614250833119014
250.5,51.5094052569869,-0.16093912286393,1.23358601413129,-0.0262628000097214,-0.0271426384494855
251,51.5094108027427,-0.160939308703625,1.25106296674576,-0.0261434755165336,-0.0267063356028792
251.5,51.5094164223454,-0.160939511095599,1.22751431796863,-0.0305436486586218,-0.0580410622260837
252,51.509421941568,-0.160939722850801,1.23858222156063,-0.034874134933843,-0.0249843642301398
252.5,51.5094275059433,-0.160939989989106,1.25614466590636,-0.0287574299557982,-0.0452173075578254
253,51.509433154689,-0.160940204483989,1.2513982642342,-0.0199742473894274,-0.0750836377054908
253.5,51.5094387801867,-0.160940338264929,1.25388862360382,-0.00525322898879938,-0.0678608264876619
254,51.5094444152572,-0.160940369927757,1.22741770646689,-0.0126550798366047,-0.0260709780807461
254.5,51.509449926051,-0.160940461154559,1.2361004708414,0.0114802887461664,-0.0120909487450826
255,51.5094554830932,-0.160940382069138,1.28265741413531,-0.0280475656285574,-0.0427270952906568
255.5,51.5094612377628,-0.160940573120339,1.25338802021262,-0.0228910167481854,0.0156686740390355
256,51.5094668648277,-0.160940759773246,1.24397937863178,-0.00270586206728073,0.0542206594344489
256.5,51.5094724544035,-0.16094078330774,1.25456269360585,-0.0131027720338141,0.0358884053674005
257,51.5094780776616,-0.160940860864451,1.25833093954568,-0.000308266728585911,-0.00796856773189054
257.5,51.5094837304811,-0.160940859181815,1.24715513557736,0.0277379075397337,-0.0427774071116061
258,51.5094893369715,-0.160940660570935,1.26114541016821,-0.00200722318999815,-0.0462676598614616
258.5,51.5094949961013,-0.160940684378244,1.24324205843877,0.0182141813468622,0.0202787935495057
259,51.5095005852364,-0.160940566182184,1.24047222262273,-0.0249219964039013,0.0104137383254507
259.5,51.5095061574313,-0.160940745932056,1.26654138164099,-0.00544666074783611,-0.0620359838930187
260,51.5095118420859,-0.160940784999434,1.2355433038395,0.0227233009846503,0.0210853898013221
260.5,51.5095173878449,-0.160940631985173,1.24416659887975,0.0109306690594145,0.0546349182193331
261,51.5095229800996,-0.160940556141669,1.26723934107657,0.022729437190079,-0.0366095425148698
261.5,51.5095286741652,-0.160940387744023,1.23929066837565,0.0376708759930428,0.0342122313661657
262,51.5095342479313,-0.160940122466565,1.26054343989062,0.0602482632938045,0.00905754309326071
262.5,51.509539904862,-0.16093970133753,1.26660789649358,0.0472288155087025,0.0775940174965131
263,51.5095455848922,-0.16093935461136,1.27158408109179,0.0774207009844706,0.0215658490294543
263.5,51.5095513051621,-0.160938798597815,1.27208286675952,0.0559091676147619,-0.0479003109536584
264,51.5095570279393,-0.160938405490066,1.27387427726422,0.0646039750480965,0.0303711468243197
264.5,51.5095627480402,-0.160937933777818,1.24172670772293,0.0356903074313783,-0.0460883271586455
265,51.5095683179545,-0.160937672082328,1.23742118408361,0.0237903979922649,0.0419960424041082
265.5,51.509573869794,-0.160937487880512,1.24684745666393,0.0231745268540006,-0.00468062671421753
266,51.5095794643814,-0.160937314078196,1.23706321544431,0.00299626356977857,-0.0144591572440953
266.5,51.5095850242347,-0.160937298391525,1.23215661848665,0.000732228922121782,0.013978124895216
267,51.5095904556543,-0.160937335002695,1.24940012979633,0.03103023054573,-0.0308415184542911
267.5,51.5095959799124,-0.160937143322989,1.00996877925277,0.0029119274933456,0.0170536662264992
268,51.509600431099,-0.160937167600318,0.770944544275344,-0.0146517883583957,-0.0524773530539579
268.5,51.5096037922225,-0.160937320495241,0.507682214115389,0.0316472054510926,0.0394773979380264
269,51.5096059677061,-0.160937132495479,0.26107427448832,-0.00514392077286748,0.0535684880298939
269.5,51.5096070304446,-0.160937225020249,0.249053886624171,0.0243771947630928,0.260825794972147
270,51.5096080509376,-0.160937089952315,0.212629701908897,0.132719185764255,0.485227026603983
270.5,51.5096089032275,-0.160936175218406,0.199432166398087,0.185152672567,0.77042024919243
271,51.5096096882966,-0.160934883314024,0.123170606688615,0.248977177462748,1.04682382489447
271.5,51.5096101353543,-0.160933127007322,0.0750091565296316,0.229027674735717,1.2484484239175
272,51.5096103648374,-0.160931515660858,0.00597240654573051,0.269366493696219,1.52288544534699
272.5,51.5096102860879,-0.160929615884664,-0.0634013937656945,0.240499369520495,1.82778015048087
273,51.5096099018948,-0.16092793143082,-0.154601035763678,0.268384595811383,2.05773016620645
273.5,51.5096090985992,-0.160926034031819,-0.169819216210638,0.201055638777669,2.30392122634946
274,51.509608243952,-0.160924633801788,-0.238062213368125,0.138508635109551,2.63013070737752
274.5,51.5096070708429,-0.160923690138816,-0.206047581748186,0.0333921848365436,2.84205660494327
275,51.5096060534338,-0.160923491585598,-0.24846718430641,0.0102934418058414,3.1252014393084
275.5,51.5096048501918,-0.160923437744279,-0.495346493618233,0.00539589632724754,3.13730408292186
276,51.5096025331469,-0.160923458309484,-0.734889917326187,0.0120596754640286,3.12006341339266
276.5,51.5095991278601,-0.160923412414859,-0.999292384312425,-0.0110901437016188,3.11377244042634
277,51.5095945446646,-0.160923536429978,-1.26843228097901,-0.00139789002575307,3.17213337081995
277.5,51.5095888435754,-0.160923533204762,-1.28614495484634,-0.00639152906255193,3.11631679537254
278,51.5095830623681,-0.160923580506732,-1.27043362952076,0.030494432624712,3.10131421041239
278.5,51.5095773539597,-0.160923362953414,-1.26552363556748,0.0201687379656922,3.12571662908767
279,51.5095716548343,-0.160923201450541,-1.25084182401595,0.0199260263420174,3.135242386563
279.5,51.5095660265792,-0.160923057177878,-1.23790791210101,0.0128078933550811,3.10782427281439
280,51.5095604560067,-0.160922956648962,-1.26303674494584,-0.00361906334377201,3.0580733622895
280.5,51.5095547825828,-0.160922984037359,-1.27184613442665,0.00993592490275014,3.06513175129194
281,51.5095490543492,-0.160922917180971,-1.2680212953518,-0.00137541058806165,3.12433049034106
281.5,51.5095433466131,-0.160922929897834,-1.25183763144667,0.00442288625552073,3.17431748806321
282,51.5095377132713,-0.160922893813342,-1.24031278391883,0.0132240839483595,3.1156954686308
282.5,51.5095321368458,-0.160922811434076,-1.24045520272621,0.0102749124831323,3.17245109404764
283,51.5095265631299,-0.160922748514687,-1.23008743058157,-0.0148996944866503,3.20831678638084
283.5,51.5095210414426,-0.160922854572779,-1.24511730872789,0.00604511730676207,3.13505215440118
284,51.5095154473088,-0.160922800827625,-1.24461322868802,-0.00739722291561012,3.13481662047329
284.5,51.5095098534203,-0.160922847044682,-1.24589063183063,0.00798846647563724,3.09769562451021
285,51.5095042505113,-0.160922792805162,-1.2526935482931,0.0144049878836493,3.09341495842825
285.5,51.5094986122691,-0.160922680689861,-1.24528186958776,0.0259819642396435,3.06141559799391
286,51.5094930090489,-0.160922495948167,-1.23942479542435,0.0545539119648931,3.09105269717357
286.5,51.5094874338501,-0.160922097195854,-1.23875243854236,0.0602386742571826,3.05685556229457
287,51.509481868095,-0.160921674712693,-1.24055353345108,0.0681591637498024,3.07313069124696
287.5,51.5094762789156,-0.160921173161558,-1.23556236746837,0.0320151474071701,3.11982963875666
288,51.509470727107,-0.16092093791723,-1.2654615860295,0.057608869013611,3.05377110124871
288.5,51.5094650225483,-0.160920518503733,-1.25401249768068,0.0347364305762213,3.08825572327144
289,51.5094593846142,-0.160920269510909,-1.27576254876457,0.0463062206441764,3.08515948997977
289.5,51.509453645565,-0.160919947697283,-1.25801573774215,0.0325063532808823,3.06313798838355
290,51.5094479964385,-0.160919725497138,-1.24114310366189,0.0136544390905972,3.14253009612119
290.5,51.5094424060791,-0.160919623770029,-1.2480377190824,0.00565293657418746,3.16841395724688
291,51.5094367928925,-0.160919588840999,-1.26264082956246,0.0266318141025349,3.12730234274359
291.5,51.5094311206201,-0.160919408385743,-1.27036523748412,0.0143433371314185,3.09640358344489
292,51.5094254059776,-0.160919301083599,-1.28782067196297,-0.0044891807659034,3.12027544297151
292.5,51.5094196104739,-0.160919323877929,-1.27528741181713,0.00165293864873684,3.16707456365363
293,51.5094138829994,-0.160919321336177,-1.28272359588751,0.0179459066079001,3.17342645733749
293.5,51.5094081275192,-0.160919209763313,-1.23702469629815,-0.0241640333326348,3.13404343088801
294,51.5094025674902,-0.160919385781108,-1.28289031523056,0.00722092427949294,3.1801746088294
294.5,51.5093968019737,-0.160919326831224,-1.26920749101004,-0.0061596487469995,3.14336529201881
295,51.5093910997406,-0.160919373166128,-1.2401906414463,-0.0215355312548185,3.14164455969196
295.5,51.5093855310006,-0.16091952946924,-1.22649703875226,-0.0299079290343083,3.17267336521855
296,51.5093800127859,-0.16091973246492,-1.2403378887725,-0.0208669332564638,3.1821985572072
296.5,51.509374441193,-0.160919889839094,-1.23703273102154,-0.0282031760577317,3.17344791616064
297,51.5093688764175,-0.160920100210861,-1.23783292046597,-0.0138168474639338,3.15842047771195
297.5,51.5093633075386,-0.160920189760537,-1.24739405369283,-0.00834208844869368,3.1467613327334
298,51.5093577031014,-0.160920254540483,-1.26063831349446,-0.0145338918771946,3.15754115640018
298.5,51.5093520339507,-0.160920359508787,-1.27808044207958,0.0161418529587391,3.16450437259851
299,51.5093462927671,-0.160920235973649,-1.2540031140129,-0.0165902654403218,3.1719675819943
299.5,51.5093406550624,-0.160920351975774,-1.24190902709809,0.000895206792420607,3.15454172779548
300,51.5093350767369,-0.160920353606,-1.25413661044881,0.0136755938377116,3.08157043155787
300.5,51.5093294317891,-0.160920256726473,-1.28001340298568,0.0394742295871787,3.15550787400154
301,51.5093236715813,-0.160919964507727,-1.26679837448571,-0.028923001074335,3.17481052263295
301.5,51.5093179834322,-0.160920173374221,-1.2642826504522,-0.0281499614662383,3.17572795669959
302,51.5093122986815,-0.160920389276452,-1.25902759127875,0.00162238446363386,3.15509073681966
302.5,51.5093066408577,-0.160920382763808,-1.26416503665819,0.00330442334949846,3.12490126362101
303,51.5093009575984,-0.160920359650404,-1.22957370989401,-0.0105891414270911,3.17536033276325
303.5,51.5092954321146,-0.160920453600236,-1.24645420555694,-0.0247979615077478,3.13787182631024
304,51.5092898246743,-0.16092062565437,-1.23532647706212,-0.0205871298036749,3.164390125091
304.5,51.5092842706126,-0.160920773875435,-1.22142913323676,-0.00823378701082234,3.14389691930897
305,51.5092787857919,-0.160920833220162,-1.24531448576681,-0.0252592446057608,3.13446381438231
305.5,51.5092731771088,-0.160920996997909,-1.24082805125805,-0.00974790534960349,3.18971540755223
306,51.5092676024332,-0.160921065234066,-1.24854625125351,0.00243021770494046,3.15202683924304
306.5,51.5092619832891,-0.160921042063066,-1.01034036039711,0.018491133662506,3.13759475005549
307,51.509257444979,-0.160920914800536,-0.749579853272349,-0.0175681483147269,3.09745664704771
307.5,51.5092540756828,-0.160921051504363,-0.498662400430863,0.0148179356316427,3.0758559478248
308,51.5092518278425,-0.160920954643361,-0.236460944125101,0.0140877929525551,3.11136093296148
308.5,51.5092507686677,-0.160920843323591,-0.225259910135636,0.055646127023337,2.8651514438869
309,51.5092497534909,-0.160920452871209,-0.203432321182215,0.122301855230895,2.66209544571549
309.5,51.5092488429331,-0.16091956119615,-0.209920230600848,0.16868834473485,2.31766755996593
310,51.509247900046,-0.160918349707785,-0.135273127995333,0.215750218948666,2.0565884555856
310.5,51.5092472904609,-0.160916807611033,-0.0812921676203322,0.227261660484459,1.83883201163685
311,51.5092469268451,-0.160915166491586,-0.00828356366911825,0.290117954619239,1.56002522471802
311.5,51.5092468863631,-0.160913077549114,0.0480784226635264,0.239019863580981,1.36586585722925
312,51.5092471041069,-0.160911373941217,0.128014555717541,0.20141191727666,1.01790927457184
312.5,51.5092476854288,-0.160909928106988,0.155063342107297,0.181302902858892,0.793726484160391
313,51.5092483821986,-0.160908620710581,0.202874194414858,0.117828470431831,0.568426925453899
313.5,51.5092492918425,-0.160907771211623,0.227905929289907,0.0474243978564099,0.317382686728383
314,51.509250315654,-0.160907454621855,0.260222861514433,-0.0202625076912212,0.0144155198868381
314.5,51.5092514791438,-0.160907612284495,0.498141907243052,0.0242567413447059,-0.0594369695456093
315,51.5092537113189,-0.160907433624822,0.725589982948626,0.00436468177744171,-0.0763373738202741
315.5,51.5092569779115,-0.160907407648658,0.995511946934534,-0.0165331140358689,0.0056601881282905
316,51.5092614508654,-0.160907520481868,1.22723727017616,-0.0164364102900187,-0.00609888558582753
316.5,51.5092669639862,-0.160907634367236,1.23563182349304,-0.0113801957112041,-0.0735103804469918
317,51.5092725139047,-0.160907720209989,1.23739494567723,-0.0199419524846656,-0.0504462719169287
317.5,51.5092780806931,-0.160907876479742,1.23349448842991,0.0303455436567851,-0.00635705925631002
318,51.5092836214347,-0.160907647632748,1.2551366456175,0.0242708745733731,-0.0138044998868011
318.5,51.5092892652713,-0.160907465504221,1.24902031831651,0.0187087426153387,-0.0835823852945759
319,51.5092948711325,-0.160907340247672,1.25690783639001,0.0510648881147436,0.0241069878923483
319.5,51.5093005241736,-0.160906960824823,1.25381143669655,0.0282121596468056,-0.03302145293222
320,51.5093061622302,-0.160906767554255,1.25745087956341,0.00882526842670314,-0.0597823704489262
320.5,51.5093118179415,-0.160906698051074,1.25414769278906,-0.00216070799301338,-0.0173563081564694
321,51.509317465348,-0.160906718702677,1.26511996011017,0.000467593293017144,-0.0408394123073809
321.5,51.5093231499093,-0.160906707705696,1.25329243181533,0.00470498830409349,-0.0498148599122826
322,51.5093287846377,-0.160906666536011,1.22194716184152,0.00961293458909918,-0.0137587840658057
322.5,51.5093342801263,-0.160906602951537,1.24475254108722,-0.00439304943921771,-0.0217066943599226
323,51.5093398770297,-0.160906646512725,1.23035514738525,0.0125444167377925,-0.0298540036551026
323.5,51.50934540242,-0.160906552548996,1.23615140835654,0.0219515541638019,-0.0657793017049651
324,51.5093509573889,-0.160906383416238,1.23483777797477,0.0249423227654313,-0.060529870637668
324.5,51.5093565126821,-0.160906213048492,1.22384125548172,0.00841449027554873,-0.069783101442926
325,51.5093620151288,-0.160906164463301,1.23766984039069,-0.00493949674437963,-0.0337798220454322
325.5,51.5093675824961,-0.16090619471351,1.25051310475228,-0.00979061511748514,-0.0480184932012435
326,51.5093732011221,-0.160906261959268,1.24169847947476,0.0254097713940741,-0.0440379400446421
326.5,51.5093787734743,-0.160906073932871,1.24396198062487,0.0449897017427561,-0.00170131557208351
327,51.5093843648511,-0.160905749795214,1.27040772987489,0.00860158923204639,-0.00626853613919527
327.5,51.5093900662554,-0.160905692656388,1.25535583898885,0.0548689828833127,0.0322231065131855
328,51.5093957179056,-0.160905303102201,1.242118297591,0.0461431758300513,-0.0534366366603115
328.5,51.5094012997068,-0.1609049754619,1.26626663236302,0.0143621540416044,-0.0501498061537537
329,51.5094069856273,-0.160904858962267,1.24320356080395,0.0154581985854162,0.0178238282065817
329.5,51.5094125799366,-0.160904756636955,1.22703079205319,-0.0147875532086336,-0.0326994358873895
330,51.5094180983467,-0.160904859031446,1.25660290441405,-0.0366135665527265,-0.0486727488081781
330.5,51.509423742011,-0.16090511072833,1.25645337776549,0.00824894136346825,-0.0265942446399039
331,51.5094293839122,-0.160905060083714,1.26996588570449,-3.02234790501873e-05,-0.00766579156150748
331.5,51.5094350855095,-0.160905069182414,1.26373490580483,0.00467191913731677,-0.035951971323408
332,51.5094407730264,-0.160905047041903,1.22790265642069,0.018311483390847,-0.0498281353578122
332.5,51.5094462901441,-0.16090489940736,1.25658501847868,-0.0135038738064733,0.0117860317416233
333,51.5094519357859,-0.160905004651285,1.24015097171716,-0.00568351600684416,-0.0151109557590552
333.5,51.5094575112853,-0.160905043296683,1.22187657126414,-7.62281478331999e-05,-0.0812354618537361
334,51.5094630029924,-0.160905028071767,1.23601735354512,0.0280518039166018,-0.00365004115971372
334.5,51.5094685568489,-0.160904836624872,1.25673048688408,-0.0281472455812539,0.00955124235419247
335,51.5094741982168,-0.16090504779975,1.25425735899568,-0.0204422364276678,0.0112489116734153
335.5,51.5094798316648,-0.160905201007531,1.24322960658317,-0.00481778946136419,-0.0099966871673512
336,51.509485413723,-0.160905224950894,1.25465002842969,-0.00287223349390125,-0.0623937197188375
336.5,51.5094910508287,-0.160905244540431,1.25657332423977,-0.0163743143248582,-0.0173223969200831
337,51.5094966884454,-0.160905377523973,1.26360610033599,-0.0322416098833758,-0.0254295802603054
337.5,51.5095023685307,-0.160905627013045,1.26227516181377,-0.0341300404422573,0.0368910777891466
338,51.5095080351106,-0.160905876730803,1.26291107144507,0.0233390669481108,-0.047072739212718
338.5,51.5095137061447,-0.160905711544603,1.27042556851165,0.0236590914007463,-0.0589839496858453
339,51.509519409372,-0.160905540766239,1.23629046169776,-0.0208646186365583,-0.0588389399997805
339.5,51.5095249615466,-0.160905694188202,1.24054969171989,0.000821893563656299,-0.0572358877020223
340,51.5095305268945,-0.160905685403027,1.24702647077195,-0.00706554774751524,0.0106128915806649
340.5,51.5095361171879,-0.160905734195667,1.25191011020366,0.0168739306637393,0.00657342179828924
341,51.5095417496679,-0.160905621645342,1.24230609361945,0.0149590842475983,-0.0302462800267844
341.5,51.5095473386106,-0.160905512751554,1.26420490693921,-0.0129849680779408,-0.00275317117492831
342,51.5095530193316,-0.160905619381894,1.25893498110652,0.00586829242352474,-0.00206493423958608
342.5,51.5095586814254,-0.160905586128825,1.27055647903639,-0.009392150173403,-0.0421186516269804
343,51.509564391086,-0.160905641406969,1.27657260495776,-0.0212665699685912,-0.0588311715916398
343.5,51.5095701243391,-0.160905798267074,1.26522071980172,-0.0461451172686854,-0.0120249053640134
344,51.5095758050618,-0.160906143526263,1.24193640818964,-0.0298277693509732,-0.000545013932359985
344.5,51.5095813872925,-0.160906364737949,1.22591490320942,-0.0229822338178177,0.0187576522762579
345,51.5095868069874,-0.160906555601032,1.26455586750617,0.017263938153568,-0.0416615272589612
345.5,51.5095924064672,-0.160906473359529,0.974412910805962,-0.0030367753582278,-0.0154003096388862
346,51.5095966926398,-0.160906543077802,0.731541966816435,-0.0124547735401111,-0.0131997193463391
346.5,51.5095998721513,-0.160906666277696,0.478093882699543,-0.0147266913324743,-0.0841181760502124
347,51.5096019231698,-0.1609068091847,0.251122435824804,-0.03489103053052,0.0502230954611999
347.5,51.5096029564173,-0.160907106209446,0.2306101174107,0.0375476826304537,0.258254577663431
348,51.5096038956148,-0.160906885635464,0.177028302262461,0.133034580780409,0.515067311081048
348.5,51.5096045900161,-0.160905965181265,0.171964375742379,0.16143790387852,0.701780671662732
349,51.5096052741842,-0.160904847950945,0.139085156304622,0.197917622596638,1.00110487242938
349.5,51.5096058150195,-0.16090346349717,0.0606780432618049,0.255015264683454,1.34237128884316
350,51.5096060007277,-0.160901667516846,-0.00127719396923079,0.223457772878187,1.55175606311436
350.5,51.5096058907793,-0.160900094801984,-0.0709041827859718,0.234281628935132,1.82498812458716
351,51.509605476744,-0.160898448938674,-0.131380347259611,0.2240144638986,2.09182516965361
351.5,51.5096047955403,-0.16089688119775,-0.168984716227024,0.162990581500944,2.41656925129774
352,51.5096039317748,-0.160895743752104,-0.222605602907543,0.124381038805635,2.62636940066641
352.5,51.5096028283458,-0.160894880583538,-0.231740092536367,0.0478204934507585,2.91387614444485
353,51.509601695978,-0.160894572531414,-0.24234615659048,-0.0131665648580299,3.15540738492453
353.5,51.5096005108003,-0.160894713075157,-0.488830527812881,-0.0125847713812005,3.091059214233
354,51.5095982079365,-0.160894832071141,-0.743940732351803,-0.00672219818744802,3.17638679405761
354.5,51.5095947650202,-0.160894912239417,-0.99766077585366,-0.0230041326837164,3.13730235330058
355,51.5095901877912,-0.160895116126387,-1.22758440473184,-0.0286146911620881,3.10304073025104
355.5,51.5095846719762,-0.160895322660468,-1.26787498420237,-0.0357329755639552,3.15945761169468
356,51.5095789622337,-0.160895565588247,-1.22262562259718,-0.00618343680433018,3.10976633907033
356.5,51.5095734687098,-0.160895615038907,-1.25548443907695,-0.00205658752635164,3.08935523706697
357,51.5095678199175,-0.16089562194333,-1.24806986513577,-0.0121735583546023,3.13180934137761
357.5,51.5095622086956,-0.160895712686756,-1.26604252017123,0.0233077558396519,3.10331266476581
358,51.5095565157104,-0.160895537649823,-1.254210220251,0.0220469896023144,3.10595082417799
358.5,51.5095508756577,-0.16089537268677,-1.2666050047266,-0.000183942362766138,3.18415836822565
359,51.5095451743955,-0.160895378073721,-1.26686230373117,-0.00637215021662259,3.08551757045576
359.5,51.5095394752158,-0.160895415339303,-1.26255270172332,0.0114588818710966,3.11988775298476
360,51.5095337992648,-0.160895330589543,-1.24816226711542,0.013495700853738,3.09993809683701
360.5,51.5095281835469,-0.160895248376474,-1.2555786133801,0.02498647196715,3.11818470607922
361,51.5095225428843,-0.160895065335093,-1.26272876960762,-0.00807439820297992,3.14939128211678
361.5,51.509516872384,-0.160895133881853,-1.27325677067438,0.027885961541883,3.15571614065053
362,51.5095111495586,-0.160894922096457,-1.25038706213206,0.0208419247977206,3.0439933129934
362.5,51.5095055261456,-0.160894773643222,-1.27338248140935,0.0295394625393553,3.12997095116989
363,51.5094998026842,-0.16089456484267,-1.2610328828736,0.0101027451025547,3.12474839023183
363.5,51.5094941341997,-0.160894487703692,-1.26073350053489,0.0263421786329987,3.111507107777
364,51.5094884662595,-0.160894302736351,-1.21906091601116,-0.00500270526439692,3.08110624204468
364.5,51.5094829917809,-0.160894348815759,-1.23121027857278,0.00405957040855398,3.10446664679664
365,51.509477461196,-0.160894323149962,-1.2466561444828,-0.0207478215664355,3.23093386238568
365.5,51.5094718579378,-0.160894464984814,-1.24777405275584,0.0139619629219076,3.1088869898333
366,51.5094662491165,-0.160894376047541,-1.25767768754957,0.00022659072839351,3.13036940285681
366.5,51.5094605948835,-0.160894367399217,-1.23242770563192,-0.00680333456912116,3.16762423066694
367,51.5094550452601,-0.160894402041624,-1.23713953717863,-0.0075769156945488,3.14174150749592
367.5,51.5094494839108,-0.160894452063415,-1.25272311863348,0.0141856883046514,3.1160122912686
368,51.5094438544605,-0.160894333056176,-1.26409997270932,0.0363371848052929,3.12951696659684
368.5,51.5094381760795,-0.160894081290977,-1.24538339076817,0.0128431840083669,3.11335952345058
369,51.509432582955,-0.160893988903275,-1.25346992396035,0.0415755342848446,3.05597209058984
369.5,51.5094269506347,-0.160893693651705,-1.23460425660649,0.0309112918930008,3.09235245783017
370,51.5094214008543,-0.160893466171696,-1.23803445508553,0.0440855472198443,3.11884311583158
370.5,51.5094158366468,-0.160893142879555,-1.2698749916956,0.000790939339567192,3.13739864660607
371,51.509410124974,-0.160893143945489,-1.25634955207195,0.0166095840686376,3.13270430782079
371.5,51.509404480423,-0.160893027012377,-1.23906952471812,0.00566327735405883,3.11069344924235
372,51.509398909769,-0.160892993024422,-1.22014821059084,-0.037729441670472,3.14083867659913
372.5,51.5093934239375,-0.160893262203995,-1.22334684543022,-0.0140982983610317,3.14076727692476
373,51.5093879316939,-0.160893373359267,-1.2470699080883,-0.0190223998747636,3.12747165887965
373.5,51.5093823298751,-0.160893516517952,-1.24538114808501,0.0137213624459376,3.11645561362525
374,51.5093767250806,-0.160893422959419,-1.23254628041477,-0.0219630646518961,3.19451489544362
374.5,51.5093711804927,-0.160893584247969,-1.26492570689914,0.0303464782355957,3.10438757290954
375,51.5093655015616,-0.160893386677216,-1.27324022070644,0.0522598861224583,3.07025096953966
375.5,51.5093597783988,-0.160892996650463,-1.23639781987923,0.016017749218507,3.06394404251865
376,51.5093542157092,-0.160892874252675,-1.25136225767246,0.0177763829102371,3.06358983492827
376.5,51.5093485988117,-0.16089273946786,-1.22443029388748,0.0117319822566493,3.11259796299411
377,51.509343089536,-0.16089267061777,-1.23283299189752,0.00220841786960436,3.14584205385374
377.5,51.5093375458987,-0.160892663774086,-1.26956929059053,0.00233873414734482,3.11320314369493
378,51.5093318471391,-0.160892651477153,-1.25733296182261,0.021963757187934,3.14682238085998
378.5,51.5093261976979,-0.160892502167976,-1.25457725472505,-0.00768122456602204,3.10477757545755
379,51.5093205638435,-0.160892553321656,-1.25536951989891,0.0199096193443657,3.08027629435212
379.5,51.5093149180735,-0.160892390513568,-1.2510376429932,-8.80098702782904e-06,3.15995404791113
380,51.5093092996804,-0.160892386377258,-1.25788896565468,-0.00758962174122256,3.13548551790912
380.5,51.5093036418292,-0.1608924378375,-1.25204517786199,0.0178341423024574,3.12877391535708
381,51.5092980160829,-0.160892321350313,-1.25573094109437,0.00855713055473934,3.15160056526252
381.5,51.5092923683029,-0.160892261331336,-1.23437102821249,-0.0436192120765783,3.08449537823675
382,51.5092868155447,-0.160892578494496,-1.25305030761055,-0.0380934752855984,3.13678673766098
382.5,51.5092811796344,-0.160892847261172,-1.24314922323058,-0.0777436646447382,3.14128760146268
383,51.50927559229,-0.160893417033782,-1.24798210420245,-0.0324852081327619,3.17636220062312
383.5,51.509269990231,-0.160893643462198,-1.25579309250394,-0.0658478336195226,3.18767742672724
384,51.50926434967,-0.160894122045528,-1.23535613829492,-0.0336399739553192,3.08548096392003
384.5,51.5092587964453,-0.160894364831552,-1.02665932485324,-0.024738863961658,3.13021015203454
385,51.5092541830961,-0.160894537632878,-0.749967544525629,-0.000217576578782691,3.1832906289188
385.5,51.5092508119844,-0.160894538239887,-0.501809302225369,-1.93329341223591e-05,3.1758393226685
386,51.5092485566182,-0.160894538671081,-0.245692068929756,0.00220088022290344,3.1803523758497
386.5,51.5092474549272,-0.160894536619439,-0.232703255316419,0.0748654648399883,2.85243772734106
387,51.5092464095437,-0.160894016817825,-0.225756900512085,0.161006210463918,2.5982553089533
387.5,51.5092453882125,-0.160892864456594,-0.170347675041491,0.199955541536728,2.33438969042904
388,51.5092446158791,-0.160891409651669,-0.126075139072178,0.257594759537385,2.13949478900813
388.5,51.5092440560175,-0.16088955349007,-0.0729417189859946,0.238189137105099,1.76460705936017
389,51.509243721639,-0.160887824937391,0.00835183544327212,0.241176357333213,1.49000750327142
389.5,51.5092437601551,-0.160886096944528,0.0831927949802267,0.232849760068237,1.32195223703959
390,51.5092441374828,-0.160884412099511,0.111868523178217,0.215637928616424,1.03312986372193
390.5,51.5092446461127,-0.160882862294353,0.178130603790274,0.19725671398946,0.748096064219749
391,51.5092454411116,-0.160881432482355,0.225317216835603,0.113632446991347,0.469703259974721
391.5,51.5092464493992,-0.160880598732237,0.225216413050983,0.0500466856698697,0.218136801458248
392,51.5092474583859,-0.160880237523465,0.265084141363622,0.00215140812553046,-0.0180502552704959
392.5,51.5092486383305,-0.160880218237097,0.496993510847342,-0.00983036144803231,-0.0554997776107416
393,51.5092508832054,-0.160880286343295,0.763186876403562,-0.0330490530756607,-0.0538336241556078
393.5,51.5092543216397,-0.160880524993589,1.01010785848731,-0.0241817677195515,-0.0406799527786372
394,51.5092588584001,-0.16088069544915,1.26613448429645,-0.0221291961521044,-0.0745602079301196
394.5,51.5092645472139,-0.160880848176928,1.26918133249275,-0.0230997387151929,-0.0394707431372114
395,51.5092702515552,-0.160881016912905,1.26268420337321,-0.0186349018703062,-0.0592606888302408
395.5,51.509275932419,-0.16088116781998,1.23235150270083,0.0122104066646367,-0.0677690425369963
396,51.5092814599873,-0.160881073280821,1.23570059370324,-0.0271132867667994,0.0225523469963322
396.5,51.5092870229824,-0.160881267988391,1.22696586884211,-0.0455848355367166,-0.0360815158040482
397,51.5092925382435,-0.160881587065781,1.24810427192943,-0.00898020111695594,-0.0771632983892768
397.5,51.5092981494865,-0.160881660582409,1.25316726713225,-0.0533130518037469,-0.0386053614211141
398,51.5093037698137,-0.160882037821522,1.24711603867354,-0.0419416508539035,-0.00311564370739807
398.5,51.5093093763186,-0.160882354442625,1.25378021692902,-0.0259407987150107,0.0229489786189963
399,51.5093150094088,-0.160882541334312,1.2599197838117,-0.00961990379874414,-0.0515610272364805
399.5,51.5093206649429,-0.160882614240179,1.25329744321239,-0.00631962621251417,-0.0586156375836357
400,51.5093263011848,-0.160882679608517,1.28803073421652,0.017299013921008,0.0241977178212249
400.5,51.5093320923897,-0.160882561387203,1.28246462674982,-0.00130449214883956,0.0162924244671471
401,51.5093378564566,-0.160882561759564,1.24210469491914,0.0179763214798445,-0.018678142044109
401.5,51.5093434434069,-0.160882441437016,1.2713636162747,0.000799524151984397,-0.0434505322584795
402,51.5093491559873,-0.160882426784664,1.26032955639588,-0.0217154341267783,0.0117812948482225
402.5,51.5093548211965,-0.160882585266523,1.24609075120213,-0.017129626521124,-0.031784798230905
403,51.5093604149386,-0.16088270273178,1.2520960468867,-0.034725124397409,-0.0737866615471783
403.5,51.5093660414617,-0.160882936493099,1.26504310306857,-0.0231425431756532,0.0142985230319762
404,51.5093717320064,-0.16088311228708,1.24779837643745,-0.0336999465322404,-0.0512164585236043
404.5,51.5093773439723,-0.160883356034413,1.26164920614604,-0.0435055742395365,-0.150102825812224
405,51.5093830177249,-0.160883690225475,1.25904643775963,-0.0384676956163891,-0.10505901380825
405.5,51.5093886723539,-0.160883957197773,1.23318266989104,-0.0247780801042178,-0.0377153296694993
406,51.5093942086426,-0.160884145492,1.23733809386722,-0.037164293565003,-0.073989292632726
406.5,51.5093997695175,-0.160884405845115,1.24008189972993,-0.0113597145278671,-0.0103640252885671
407,51.5094053420442,-0.160884490299256,1.23321114190424,-0.00556913484256834,-0.0515321564537796
407.5,51.5094108821236,-0.160884534699908,1.25296947938493,-0.00781455077033875,-0.00564759653417387
408,51.5094165184446,-0.160884598118917,1.2487767424176,0.0115186009813038,0.0187713306135943
408.5,51.5094221301634,-0.160884513140829,1.24962247480928,0.0154354864608582,-0.0333381216302309
409,51.5094277440492,-0.160884412725134,1.23124744354514,0.0139523200819122,-0.0238680369326683
409.5,51.509433277531,-0.160884321643093,1.22213007525944,0.00334726038775439,-0.076944669301646
410,51.5094387727172,-0.160884301277921,1.23839347199841,0.0229371374366605,-0.0221563826811029
410.5,51.5094443424691,-0.160884133997738,1.22345093640285,0.0225418049818292,-0.0152612334352308
411,51.5094498388496,-0.160883964856692,1.25964880002135,0.00699608768839262,-0.0194413512211507
411.5,51.509455497253,-0.160883926807062,1.25244375034694,0.00772961644255334,0.0151894612726979
412,51.5094611252139,-0.160883870967005,1.25032543761187,0.0373504603289043,-0.0569195833397428
412.5,51.5094667378837,-0.160883606411654,1.23200956245208,0.0321762670145292,0.00447417143425856
413,51.5094722767954,-0.160883365911006,1.24377249718163,0.0254864953197643,-0.0371221628553127
413.5,51.5094778669788,-0.160883174285727,1.25218774779179,-0.0139684230048404,0.0245846323930915
414,51.5094834889576,-0.160883288045334,1.21599308063605,0.00319941964680715,-0.0376452164075077
414.5,51.509488957477,-0.160883274056793,1.24433155218436,-0.00231986278854844,-0.00776932404069359
415,51.5094945471647,-0.16088328213959,1.24542009207623,-0.00740024909638222,-0.0745522916925911
415.5,51.509500136665,-0.160883337871123,1.25837449622847,0.00116921257947509,-0.0208521382596935
416,51.5095057882281,-0.160883327289597,1.26336085652138,-0.0116975845788954,-0.000298996518512638
416.5,51.5095114696876,-0.160883394491576,1.24576816290587,0.00907384853019086,0.00407200270218268
417,51.509517073489,-0.160883329835554,1.24016944323631,0.0137870708858958,0.0127876762866149
417.5,51.5095226472719,-0.160883229122029,1.2675824377443,-0.0666549349915044,-0.003959607655722
418,51.5095283435891,-0.160883713865054,1.23480263932642,-0.00591387695217314,-0.0611263017586056
418.5,51.5095338980248,-0.160883765080159,1.2585301134171,-0.00479511434113802,0.00212391212816621
419,51.5095395533531,-0.160883787174642,1.25875482844809,-0.0466883441808304,-0.0305637557109362
419.5,51.509545207513,-0.160884119610583,1.2455307788776,-0.0107200662339616,-0.0245161836079682
420,51.5095508024738,-0.160884197305881,1.23552864832892,-0.00418687450210321,-0.0261496146878077
420.5,51.5095563539121,-0.160884222167375,1.24580454339561,0.0111337388106468,0.011233984395924
421,51.5095619526128,-0.160884151477658,1.24010068391279,0.00204994589771232,-0.0370799628883945
421.5,51.5095675306304,-0.160884143672075,1.21335936616243,0.0280383667376517,0.0164779110612794
422,51.5095729832735,-0.160883944300456,1.24733357625998,-0.00112016340629473,-0.0219054460270905
422.5,51.5095785879727,-0.160883951311837,1.2367891287827,0.0111322545026666,-0.0441631528624248
423,51.5095840476035,-0.160883906573733,1.30600836433753,-0.0530440941167295,-0.0165165213920656
423.5,51.5095898321751,-0.16088432496499,0.991540589637861,-0.0155764411924076,0.0226581189580984
424,51.5095941963295,-0.160884468520453,0.742614437387203,0.000418021967627006,-0.0166893052146118
424.5,51.5095974460851,-0.16088449371012,0.513850320145497,0.00530596509732273,-0.00191686608566174
425,51.5095996667252,-0.160884498884352,0.231488620898324,-0.00829381520880295,-0.0594770072415682
425.5,51.5096006233987,-0.160884601053611,0.128547818643537,-0.0122448012613487,-0.0851606166716272
426,51.5096011153968,-0.160884724900107,-0.0124829235307669,0.0219032814627726,-0.0524894818530728
