0,51.5092530654808,-0.161026458766525,-0.00955660525058525,0.0306853872221765,-0.044381843001676
0.5,51.5092530149375,-0.161026238824513,0.103378115077936,-0.0120812424498248,-0.0837390345116098
1,51.5092534881412,-0.161026336220154,0.223721589617414,0.00843831826452831,-0.00432046096247425
1.5,51.5092545998764,-0.161026276289391,0.494194551944176,-0.0119167618500868,-0.0102119589693043
2,51.5092570590996,-0.16102636921907,0.747254514795689,-0.00126313675814735,-0.0271713340447632
2.5,51.5092607849393,-0.161026403577471,0.958229933783279,0.00559198830830584,-0.0084348369584748
3,51.5092655507257,-0.161026361454866,1.21314328318541,0.00478489147439437,-0.0119270057709257
3.5,51.5092715925443,-0.16102633363189,1.23485673127266,-0.0118102340220305,0.0019526815928007
4,51.5092777779245,-0.161026415779347,1.26569814487959,-0.0392118329097464,-0.0762705389498436
4.5,51.5092841255535,-0.161026772026671,1.25867970904162,-0.0126567350178792,-0.0257824983857232
5,51.509290431858,-0.161026899903381,1.23196257420623,-0.00582406092864359,-0.0218762568335052
5.5,51.5092965972028,-0.161026964004655,1.28454892020095,-0.0195851680465679,-0.00611311499865647
6,51.5093030333557,-0.161027110500975,1.27874782186969,0.00141860313261168,-0.0487231385057194
6.5,51.5093094787899,-0.161027147252255,1.28057680241573,0.0302059259217391,0.0309794125865848
7,51.5093159343743,-0.161026893420456,1.27102532261199,-0.0208627688294931,-0.0298484701113992
7.5,51.5093222932779,-0.161027066731983,1.27278103177603,0.0133300407995248,0.00681471546978634
8,51.5093286818881,-0.161026954652532,1.26180588603862,-0.0240370320483051,-0.0582103956409094
8.5,51.5093350234866,-0.161027187729641,1.2785668147105,-0.0311676222451562,-0.0656112892251316
9,51.5093414388942,-0.161027486255161,1.26518738686811,-0.00912568545343525,-0.0478305924676907
9.5,51.5093477695728,-0.161027602566222,1.28709051192939,0.0724264741123807,0.105717817795579
10,51.5093542316418,-0.161026976730021,1.25031605283224,0.0434516711657816,0.0410534065859173
10.5,51.5093605058728,-0.161026627694836,1.25559434652444,0.0143641233144571,0.00747440697448943
11,51.5093667938469,-0.161026520316501,1.25896695760456,0.00481407561224145,0.00879254146261523
11.5,51.5093730785508,-0.161026476356305,1.26630385140905,0.0139943758252208,-0.0195866745777917
12,51.5093794261577,-0.161026397972912,1.26106694140652,-0.0140387940388023,-0.0202227434210788
12.5,51.5093857405271,-0.161026517506223,1.26103709898119,-0.0154768246829464,-0.0104145791814507
13,51.5093920711499,-0.161026648288689,1.25406022484553,-0.0148832280809729,-0.0385858550977981
13.5,51.5093983617061,-0.161026810809182,1.2595385958209,-0.0149157897166722,-0.0506998503152604
14,51.5094046785607,-0.161026973918982,1.26281911061412,-0.00997421944480155,-0.0438057203399262
14.5,51.5094109875997,-0.161027085034145,1.24982121843617,-0.0255259449955126,0.00634456492416129
15,51.5094172459667,-0.16102726182743,1.23459383588207,-0.0506368545047679,-0.0711104064843545
15.5,51.5094234025526,-0.161027690334388,1.22788023818777,-0.0521548449580904,-0.106556832159441
16,51.5094295511094,-0.161028186235885,1.24551973415594,-0.0312058544107318,-0.0638830900481274
16.5,51.5094358105986,-0.161028468307742,1.25772835902581,-0.0154970127302926,-0.0194701344808287
17,51.5094421153196,-0.161028602724781,1.24492200021786,-0.0211566733392643,-0.0471935727550645
17.5,51.5094483801323,-0.16102880384841,1.27541391095743,-0.0291543831571985,-0.0602266185456698
18,51.5094548015871,-0.161029067934617,1.26754515943504,-0.0173693403046827,-0.0477538151895491
18.5,51.5094611617403,-0.161029237334448,1.2689783047607,-0.021986794215366,-0.0314714105773557
19,51.509467545249,-0.161029418414718,1.24972336413981,-0.0164929114943989,-0.0435473281664386
19.5,51.5094738033378,-0.16102958406424,1.28277084958335,0.023369789827543,0.0276249075840524
20,51.5094802518838,-0.161029395687813,1.26638875854985,0.00848841029006921,-0.000120300010901287
20.5,51.5094865881455,-0.161029324107346,1.24179844603134,-0.00460956410937389,-0.0245479083408478
21,51.5094927962587,-0.161029377118881,1.23525328959503,-0.0047665063808155,-0.0412142224623804
21.5,51.5094989831787,-0.161029439351252,1.24426483050384,0.0284662156293322,0.0513203056315547
22,51.5095052214614,-0.161029199488535,1.25636465865525,-0.0358404208733098,-0.0421844737875672
22.5,51.5095115088437,-0.161029515071208,1.22952679424218,-0.0350016415501734,-0.0587825428789555
23,51.5095176588267,-0.161029841178499,1.25130199589546,-0.00775785638595006,0.0129116117677305
23.5,51.5095239144008,-0.161029885106928,1.21140107710105,0.0196003186630219,0.00336850852961273
24,51.5095299765318,-0.161029733584773,1.25244386031139,-0.0241679760722472,-0.0671233585387273
24.5,51.5095362548838,-0.161029977734044,1.24271266721529,-0.0119663446152473,-0.0164158173144027
25,51.5095424805963,-0.161030088292465,1.26885931857297,-0.00254103739962872,0.00429653616885678
25.5,51.509548851102,-0.161030096877012,1.27807520971288,-0.0389979492025504,-0.0258097854461889
26,51.5095552638657,-0.16103041032401,1.28247303729662,-0.00505768861007353,-0.0206128341919874
26.5,51.5095616831318,-0.161030467569217,1.25666233566541,-0.0546319150126066,-0.088343010881992
27,51.5095679736625,-0.161030957765736,1.23788228840774,-0.0206715270386807,-0.0356210333701913
27.5,51.5095742000448,-0.161031137924473,1.25044233414975,-0.0165517351727528,0.0448171482058645
28,51.5095804688598,-0.161031216594853,1.27306916475613,-0.0317556273932841,-0.0276838378007054
28.5,51.5095868611702,-0.161031485873938,1.25853537775164,-0.0266686346523539,-0.00840990028753414
29,51.5095931716179,-0.161031684181338,1.26450838212394,-0.0703993524166193,-0.0908983745971683
29.5,51.509599515095,-0.161032292851048,1.25829262086867,-0.0447859077002765,-0.0616828250360836
30,51.509605833181,-0.16103268140984,1.26797895454669,-0.0342548669183073,-0.0694570990015812
30.5,51.5096121934437,-0.161032997896771,1.27948337475365,-0.0264224049890624,-0.0361854665845561
31,51.5096186137414,-0.161033218134405,1.26551993156039,-0.00359393091532694,0.0102765289695984
31.5,51.5096249490913,-0.161033233572976,1.24250374107299,-0.0110260085593372,-0.0250566802913793
32,51.5096311738133,-0.161033332378178,1.25100128122938,0.00561027060504561,0.0395214660355625
32.5,51.5096374414913,-0.161033230016898,1.05524227169665,-0.0279758675855303,-0.0384221050436097
33,51.5096427795063,-0.161033488558455,0.794425140851331,-0.0350738130281139,-0.093022168025489
33.5,51.5096467939474,-0.161033806965553,0.569216424057795,-0.0269068404864745,-0.0510945738043598
34,51.5096511907961,-0.161034134864869,0.296666684253217,0.00217626802920793,0.000556520066069155
35,51.509654273547,-0.161034092756846,0.209412937383202,0.0611755672975662,0.25931896600963
36,51.5096556613412,-0.161033454370362,0.254891318278121,0.134702591531716,0.488492536936343
36.5,51.5096569362534,-0.161032375937106,0.174102106889456,0.173392311354131,0.761518502949756
37,51.5096578017207,-0.161030987831798,0.119286239178602,0.228596495697207,1.05211565306362
37.5,51.5096584049797,-0.161029123247191,0.0637214459557232,0.243355819548346,1.32712345300905
38,51.509658722012,-0.161027139884577,0.0127537679895019,0.255884676020439,1.53571267636206
38.5,51.5096587810866,-0.161025044621368,-0.0571095179911471,0.242956671870256,1.82388828965105
39,51.5096584982799,-0.161023099909549,-0.129527603815117,0.24305177054283,2.02072791720968
39.5,51.5096578517427,-0.161021138687773,-0.15169038653656,0.175103450807617,2.22473675694227
40,51.509657087541,-0.161019720761294,-0.217855863350416,0.13467422416534,2.51052869727732
40.5,51.5096560062653,-0.161018626239768,-0.225827940113591,0.0697432468221427,2.88365790123881
41,51.5096548563417,-0.161018072346952,-0.250382167454285,0.00617534315313787,3.10661846497675
41.5,51.5096536044084,-0.161018023887562,-0.465396640141801,0.0282144068465692,3.11041374452175
42,51.5096513270806,-0.16101780284395,-0.731227674634675,-0.00467370468264265,3.10203671040021
42.5,51.5096476897668,-0.16101781073096,-0.968000471013802,-0.0139624116209405,3.23224167773678
43,51.5096428900276,-0.161017972584008,-1.20551367192066,-0.0135258466154574,3.17351134317099
43.5,51.5096368963477,-0.161018096462868,-1.25731478400545,0.0490843384834995,3.05621612427119
44,51.5096305902212,-0.161017659044816,-1.28379797081808,0.0433967808006623,3.0800363848838
44.5,51.5096241415261,-0.161017276978682,-1.24396430956661,-0.0126850725998417,3.16444162452124
45,51.5096178814255,-0.161017384796345,-1.27394946943922,0.00219202234029412,3.10364772260363
45.5,51.5096114745428,-0.161017320500306,-1.26763018309513,-0.000605291073713297,3.14947919958718
46,51.5096050888677,-0.161017318446458,-1.26223867142124,0.0442970350774594,3.08128491663619
46.5,51.5095987654555,-0.161016925218386,-1.24982459504546,-0.0135471545681342,3.14041450050436
47,51.5095925131142,-0.16101703109961,-1.28177841926528,0.000356087107726577,3.15425058418696
47.5,51.5095860758672,-0.161017045828434,-1.23285119347738,-0.0115484961232159,3.10557816496676
48,51.5095798785516,-0.161017094078245,-1.25673698385443,0.0142821650383058,3.06673410317161
48.5,51.5095735949231,-0.161016914340836,-1.23012175073816,0.00240800741999651,3.09212057164042
49,51.5095674396166,-0.161016853499555,-1.2432542299554,-0.00362476305306553,3.10613039063275
49.5,51.5095612150476,-0.161016831496159,-1.28850423412571,-0.0114583231938179,3.17472668050634
50,51.5095547501095,-0.161016957669993,-1.25768182468321,-0.0278861471950181,3.15981081223008
50.5,51.5095484369774,-0.161017184272676,-1.27038013709225,0.0712333206321186,3.04488237673305
51,51.5095420734111,-0.161016572841366,-1.28299191396446,-0.0203207622760825,3.18286642838943
51.5,51.5095356439638,-0.161016771978254,-1.25554692181002,0.0424274630275802,3.07204311375819
52,51.5095293438205,-0.161016403372129,-1.28027964032381,0.0471329727501192,3.04275834419462
52.5,51.5095229349221,-0.161015946230306,-1.25964800041059,0.00909124956467587,3.13494122301925
53,51.5095166213241,-0.161015872720433,-1.23089041797975,-0.00524246434491265,3.18557895628103
53.5,51.5095104634695,-0.161015945993804,-1.24546431408184,0.0365896741684347,3.06930381251585
54,51.5095042207696,-0.161015604316945,-1.25142479469626,-0.0130004276785762,3.15613079248355
54.5,51.5094979324081,-0.161015719996994,-1.24843923043378,-0.0178743625930883,3.19685996520516
55,51.5094917058659,-0.161015907446371,-1.2769228939211,-0.0152057492613662,3.16287533288924
55.5,51.5094852889505,-0.161016023956576,-1.26075202049173,-0.00739878376061122,3.14777360450094
56,51.5094789739559,-0.161016081856683,-1.27045834116778,0.0375955174194142,3.06163098558624
56.5,51.5094726166747,-0.161015723379349,-1.27040877904877,0.0342400394339622,3.10817899004091
57,51.5094662223815,-0.161015443038957,-1.25934063417926,0.0208229125272956,3.07941953142094
57.5,51.5094599260109,-0.161015226012596,-1.26340473871994,0.0388396021211378,3.0829869233255
58,51.509453579851,-0.161014884306426,-1.26558301443439,0.020153648000212,3.10691072559599
58.5,51.5094472167855,-0.161014708954429,-1.28304219665576,0.0219520304297262,3.14687230076724
59,51.5094407676873,-0.161014550914817,-1.28255728188641,0.110621108387048,3.00336499412261
59.5,51.5094343319116,-0.161013611953911,-1.26729238828124,0.0537308625639714,3.05980841504286
60,51.5094279736795,-0.161013140982495,-1.28700829792989,0.012235799587856,3.13073061968946
60.5,51.5094215191564,-0.1610130350587,-1.27420068069718,0.0486977106135222,3.06515103368951
61,51.5094151100235,-0.161012596351814,-1.27332218859671,0.0133305062430063,3.14224943845082
61.5,51.5094087273491,-0.161012497545212,-1.28358573377642,0.00609884684930359,3.1178215100432
62,51.5094022717238,-0.161012431350632,-1.27213891547456,0.0143766026944249,3.06991581919939
62.5,51.5093958700714,-0.161012262738057,-1.25203541128178,-0.0256014091045855,3.14567806446255
63,51.5093895814317,-0.161012457594341,-1.26841635456513,-0.0111864193036151,3.13180294823656
63.5,51.5093832169804,-0.161012517193959,-1.27511519679556,0.0128596481411347,3.10748055465282
64,51.5093768208163,-0.161012392925352,-1.25958464826995,-0.0611255139517354,3.22360521263923
64.5,51.5093705014658,-0.161012924423907,-1.29855567826791,-0.00211712471630763,3.14530493924841
65,51.5093639764498,-0.161012947013462,-1.25910797468246,-0.0386541272595572,3.17137633949288
65.5,51.5093576550759,-0.161013260890423,-1.23346935019339,-0.0225227883185018,3.16956272772456
66,51.5093514791778,-0.161013455377181,-1.27589914681748,0.00546857525391768,3.13601679613343
66.5,51.5093450886529,-0.161013422741841,-1.25607779771389,0.0442070097492358,3.11280038977141
67,51.5093387807164,-0.161013077558412,-1.26062696388216,0.047077221336508,3.11352356694698
67.5,51.5093324613425,-0.161012702667838,-1.28186224028602,0.0226496720937975,3.10996046157106
68,51.509326035829,-0.161012495737962,-1.23819133164624,0.0156609254700704,3.11222255488931
68.5,51.5093198231047,-0.161012350566672,-1.2293802420374,0.0331817551858037,3.06145345244005
69,51.5093136605433,-0.161012032077432,-1.25666276137345,0.00168692296862775,3.14688703309146
69.5,51.5093073301975,-0.16101203054433,-1.24623228667705,0.00397475347782795,3.13188638370145
70,51.5093010819328,-0.161011997942629,-1.26222294224964,0.0290030158100087,3.06971885006665
70.5,51.5092947577344,-0.161011713227033,-1.25444374230105,0.00101017646190408,3.14190903117884
71,51.5092884742617,-0.161011702414532,-1.28258434161305,0.0110985376960298,3.1306949538862
71.5,51.5092820374669,-0.161011611268217,-1.27261447537355,0.0247850405734503,3.0968777736947
72,51.5092756444261,-0.161011381162356,-1.26865784418572,0.0384408605642683,3.07018735228843
72.5,51.5092692805648,-0.161011026820859,-1.05843265035359,-0.0271422431743818,3.17503058421702
73,51.5092639007368,-0.161011249884084,-0.820543911441085,0.026739362906312,3.09286791289948
73.5,51.5092597323403,-0.161011017318782,-0.536113685021134,0.0271407098041336,3.04891986259967
74,51.5092570029854,-0.16101077616599,-0.334523188752031,0.0129467445797589,3.09494328042238
74.5,51.5092552553957,-0.161010657652662,-0.224060087803153,0.0822169258709758,2.83837339473488
75,51.5092541155044,-0.161009991189321,-0.225783563971032,0.132688099192989,2.56351039201658
75.5,51.5092529703001,-0.161008899963389,-0.154644938626231,0.157093818553805,2.33808746191938
76,51.5092521967449,-0.161007634951875,-0.123857113671152,0.22720172433483,2.05680848400841
76.5,51.5092515895725,-0.161005842460578,-0.0498734616490584,0.274420457500352,1.75998009726533
77,51.5092513358982,-0.161003592569465,0.0152408856549416,0.258454233740625,1.54126484883801
77.5,51.5092514040821,-0.161001533716706,0.0656857359915589,0.239595610055724,1.31334897979812
78,51.5092517362148,-0.160999606382655,0.135651543965183,0.235614900884121,1.04504453834201
78.5,51.5092524178267,-0.160997708187458,0.154424239882592,0.165567949214541,0.748285882738537
79,51.5092531737599,-0.160996403748287,0.220813907146066,0.143841552465739,0.478080356404518
79.5,51.5092542834465,-0.160995257325458,0.241736193945617,0.069035517235243,0.260046057435111
80,51.5092555100244,-0.160994691449645,0.248113706255654,0.00136532348458556,0.0153260675125719
80.5,51.5092567677931,-0.160994667406442,0.453652960699401,0.000993373388768163,0.00311070912230041
81,51.5092589853671,-0.16099466547613,0.724658547915817,-0.0160991559312644,-0.0392221127298583
81.5,51.5092625856202,-0.160994809632514,0.969399513200477,-0.00932746962420369,-0.0431096616888504
82,51.509267402789,-0.160994916854556,1.20835653494498,-0.0315677902246187,-0.0113622919180878
82.5,51.5092734204404,-0.160995159164529,1.24963285452544,-0.0232044933544528,-0.0173245613813929
83,51.5092796828449,-0.160995355753013,1.28880961295548,-0.0117457302126757,0.00335918215331652
83.5,51.5092861484393,-0.160995438184472,1.27061192246163,-0.0186270897169947,-0.0130905199488752
84,51.5092925056769,-0.160995574711737,1.27012533376263,-0.0363379777451649,-0.0796529126717388
84.5,51.5092988801601,-0.16099592242851,1.2380140930018,-0.0125327215725041,-0.0383909667815031
85,51.5093050701812,-0.160996055653785,1.26800362250346,-0.0219980121898064,0.0189114774283888
85.5,51.5093114130986,-0.160996193713637,1.28772504426701,-0.0246537840168198,-0.013848122206302
86,51.5093178896795,-0.160996395962541,1.27953324440405,-0.000419171798092023,-0.00842595770236895
86.5,51.5093243079597,-0.160996411459352,1.25695390417173,-0.00285342389885906,-0.0418840604735952
87,51.5093306099843,-0.160996476537023,1.2516068306609,0.00890430300298593,-0.0229206599188398
87.5,51.5093368704593,-0.160996434351506,1.2548795575267,0.0251759885337907,0.0312483335809594
88,51.5093431654259,-0.160996218813793,1.24421088077552,-0.0424128777082587,-0.0832143860251831
88.5,51.5093494126635,-0.160996612268263,1.26709055588725,-0.0565787618979722,-0.038417637105443
89,51.5093557744477,-0.160997067552021,1.27597849264041,-0.0151851910417214,0.0195962572905979
89.5,51.5093621662656,-0.160997163042868,1.26955975484595,-0.0152882399921306,0.0162991265140198
90,51.5093685379786,-0.160997260111575,1.27539630718389,-0.021077496369097,-0.0354278711670732
90.5,51.5093749278129,-0.160997437372456,1.26494997341029,-0.0282884107258051,-0.0265748539376658
91,51.5093812688235,-0.16099766660084,1.26544212605476,0.0257822303918754,0.0163468343037251
91.5,51.5093876249925,-0.160997458134622,1.26478756236061,-0.0060429231921873,0.0098312131153272
92,51.5093939718299,-0.160997492942689,1.27629809329607,-0.0258649766901065,-0.0628184244563738
92.5,51.5094003687675,-0.160997739650108,1.25411128098377,-0.0339060785409946,-0.026090865960964
93,51.5094066726263,-0.160998010536064,1.25232033871278,-0.0271170025039229,-0.0641914488862499
93.5,51.5094129449926,-0.160998279648394,1.27334410121087,-0.0321173478749018,-0.021942312812359
94,51.5094193546192,-0.160998533463018,1.25106477635132,-0.0296519250421991,-0.0491605047692202
94.5,51.5094256205533,-0.1609988018662,1.2883225390477,-0.00543549564779827,-0.0188218075327379
95,51.5094321048423,-0.160998852480317,1.29495708598834,0.0402662184234566,0.0528228837748663
95.5,51.5094386003985,-0.16099850136575,1.27059933815133,0.00656284848317461,0.00140943833361939
96,51.5094449837065,-0.160998446937582,1.26001494975314,0.0345926407438932,0.00131080023063787
96.5,51.5094512988233,-0.160998192812531,1.26886159528205,-0.0367524702819096,-0.062656832763605
97,51.5094576548585,-0.160998521772272,1.23660478350046,-0.0249442629541069,-0.0411706657637667
97.5,51.5094638501581,-0.160998737774609,1.27213445920777,0.0111650340899593,-0.00787254758613404
98,51.5094702440901,-0.160998652788649,1.26646982974662,0.0401824702954472,0.0460456335951633
98.5,51.5094766007377,-0.160998311696426,1.2858474732351,0.0146592720797827,0.0209114371457396
99,51.5094830283759,-0.160998192810146,1.26230684885115,0.0217375475240534,0.0125225351343477
99.5,51.5094893500572,-0.160998020834155,1.23334236574338,0.0201937720508505,0.00845212295071543
100,51.5094955200018,-0.160997874916382,1.26036869847045,0.0436686478663007,0.0185524780016445
100.5,51.5095018527189,-0.160997544870414,1.25515173449427,0.029832848814274,-0.0140521551437955
101,51.5095081498998,-0.160997348394793,1.26970773517143,-0.0336880193834074,-0.0520691605797671
101.5,51.5095145086979,-0.160997643167595,1.22427364134585,0.0124619005821201,-0.00549423273714365
102,51.5095206177433,-0.160997558815493,1.2804504082064,-0.0285030450690644,-0.0207939628717636
102.5,51.509527056085,-0.160997800758733,1.23996857844438,0.00974453853771063,0.0044495870056659
103,51.5095332840485,-0.160997741823826,1.24389255564167,0.0111868920165366,0.0107059877745797
103.5,51.5095395022787,-0.160997656816267,1.29463111963005,-0.0424286482789223,-0.0682667700527495
104,51.5095459952944,-0.160998034109143,1.2648608444001,0.0323696935388387,-0.000634946566906033
104.5,51.5095523482845,-0.160997813739441,1.24836485091241,-0.0466078185316512,-0.0705908322983819
105,51.5095585631989,-0.160998213744419,1.2577091926358,-0.0423226261005264,-0.0511706045004591
105.5,51.5095648450402,-0.160998562155122,1.21724805810934,-0.0455807023475616,-0.0637107769373884
106,51.509570921617,-0.160998942383327,1.26545542017321,-0.0294715966160427,-0.0241704905766787
106.5,51.5095772624607,-0.160999190197803,1.25405624048916,-0.0429425308552039,-0.0522969218409096
107,51.5095835191241,-0.160999538173874,1.27679877842325,-0.018330171513963,-0.0381090609738272
107.5,51.5095899194842,-0.160999707072935,1.26884722954021,-0.02417927610762,-0.0441264074857531
108,51.5095962991296,-0.16099991318857,1.24168019587312,0.00378421165111214,0.00393495175241199
108.5,51.5096025100883,-0.160999885159823,1.28131818964355,-0.0229379738342148,-0.0670560747870644
109,51.5096089359547,-0.161000117449446,1.25456609364453,-0.0174132900235303,-0.0482422701898624
109.5,51.5096152014518,-0.161000288541943,1.27969869500617,-0.0520141595893272,-0.096182161894831
110,51.5096216050827,-0.161000780562284,1.2861278038917,-0.0485715007197172,-0.0854244152293673
110.5,51.5096280539074,-0.161001221207536,1.28985630151711,-0.0153390061548205,-0.025004137501567
111,51.5096345380317,-0.161001358941056,1.29067303759191,-0.0365577568285966,-0.0177181796299922
111.5,51.5096410031709,-0.161001639949833,1.07677961286255,-0.0176568421536902,-0.0113606893986565
112,51.5096464411105,-0.16100178689177,0.828109912008117,-0.0246881013387206,-0.0516664784590917
112.5,51.5096506331864,-0.161002009296324,0.547722573519279,-0.023932085730951,-0.111166748094706
113,51.5096534212949,-0.161002243014379,0.296580517344748,-0.0155627235953587,-0.0579060683737299
113.5,51.5096549567322,-0.161002376679382,0.243585244289183,0.0634101989280443,0.200515314874357
114,51.509656198291,-0.161001874882327,0.220379295819915,0.142457116413317,0.501326522026546
114.5,51.5096572960268,-0.1610007349143,0.135583557154791,0.190500449581715,0.796677973282936
115,51.5096579814374,-0.160999229372385,0.12103694178927,0.194364020725614,1.12170010734446
115.5,51.5096585758671,-0.160997666133142,0.0709639504625693,0.287178662332135,1.27102375984969
116,51.5096589449088,-0.160995314710184,-0.0100186884317454,0.259709313795963,1.56509731453809
116.5,51.5096588993922,-0.160993237575584,-0.0608197548080534,0.233576590088492,1.79824304121405
117,51.5096585905717,-0.160991342080355,-0.117316317923942,0.21054677672179,2.04855538920771
117.5,51.5096580055232,-0.160989649108222,-0.157272183304356,0.18203552076758,2.31695256663923
118,51.5096572243222,-0.160988212879072,-0.217373865838134,0.12828295929994,2.60538275714358
118.5,51.509656132218,-0.160987183973479,-0.249343236414417,0.0703105107934902,2.82766706862822
119,51.509654889825,-0.160986616965483,-0.248349189357206,0.0120654425452648,3.12910482280194
119.5,51.5096536317388,-0.16098653266974,-0.466790869662899,0.0118078403074354,3.11186254058851
120,51.5096513183202,-0.160986439127188,-0.720941981089281,0.0279141478506397,3.08062421526653
120.5,51.5096477563806,-0.16098621854061,-0.972892710228194,0.0631815235631731,3.05600577544441
121,51.5096429157866,-0.160985699294098,-1.22569533970878,0.0293584168750729,3.10051264700946
121.5,51.5096367746542,-0.1609854446179,-1.27241152704691,0.0136481735901824,3.11833093150928
122,51.5096303806242,-0.16098532719866,-1.27615412768547,0.00333070543450474,3.11602770601655
122.5,51.5096239752173,-0.160985269945524,-1.258129194912,0.0260981847745179,3.14217745234582
123,51.5096176794282,-0.160985088742098,-1.23221400301563,0.0209236756141632,3.11567044409999
123.5,51.5096115083969,-0.160984910233258,-1.27207952079598,0.0118706601367077,3.13203414502125
124,51.5096051179152,-0.160984808138888,-1.26110545543658,-0.0351021862697017,3.16689030051785
124.5,51.509598796371,-0.160985096717242,-1.2693499725006,0.00211852602388744,3.11794251546557
125,51.5095924121772,-0.160985065917399,-1.27411673713659,-0.0298440091131275,3.18059293981649
125.5,51.5095860226562,-0.160985326791417,-1.26613960154477,-0.02145599102644,3.14015461748808
126,51.5095796692205,-0.160985475580234,-1.2671080206242,-0.0365743377010569,3.14681999674022
126.5,51.509573300425,-0.160985735503366,-1.2723777305794,-0.0228532576105357,3.17553777166166
127,51.5095669087703,-0.160985936722144,-1.26382718720361,0.019172033985355,3.10861704848454
127.5,51.5095605627698,-0.160985766955193,-1.2728035955321,0.0824506555066714,3.01033273945035
128,51.5095541851373,-0.160985033406332,-1.25099568598774,0.0226835226864844,3.09237032476572
128.5,51.5095478923556,-0.160984824723644,-1.24820983247916,0.0584283995139455,3.04409480912539
129,51.5095416128879,-0.160984296947312,-1.24514863460728,-0.00636464026225313,3.1440528208444
129.5,51.5095353690047,-0.160984344281428,-1.26102486519187,0.0492491778049932,3.08521605261017
130,51.5095290310068,-0.160983925121966,-1.28789860179257,0.0225872429699205,3.10363574964496
130.5,51.5095225479738,-0.160983718606877,-1.25062899353123,-0.0210349656306167,3.16319654677544
131,51.5095162619126,-0.160983884802513,-1.26088101775251,-0.0102264043983879,3.14441363101534
131.5,51.5095099553647,-0.160983955160772,-1.28143833645954,-0.000286492471085189,3.12913575352695
132,51.5095035308997,-0.160983943818237,-1.2654823170602,-0.00543158301548387,3.12886951053087
132.5,51.5094971873932,-0.160983977514394,-1.2479972424947,-0.0280512076239755,3.1781092647324
133,51.5094909328029,-0.160984210822994,-1.26378953616893,-0.0107665156934279,3.16071134103759
133.5,51.5094846007925,-0.160984311813995,-1.25834043179655,0.0136515923860911,3.14691274353667
134,51.5094782828196,-0.160984199590302,-1.29159828683203,0.0275399354119925,3.12974947063314
134.5,51.5094717786998,-0.160983993724306,-1.26167347769918,0.0392627467905498,3.132521189621
135,51.5094654432542,-0.160983704963405,-1.26797316566815,0.0503883064684651,3.10841234230723
135.5,51.5094590861921,-0.160983314030184,-1.25891515325311,0.0677844003162216,3.05526150072884
136,51.5094527561815,-0.160982730722693,-1.23867501207023,0.023276294680399,3.12562056616564
136.5,51.5094465310368,-0.160982547911628,-1.25619481712818,-0.0121372400334643,3.15631395431658
137,51.5094402254834,-0.160982656213448,-1.25649212194873,0.0038119548295911,3.12895852232272
137.5,51.5094339352688,-0.160982615277614,-1.26346969409966,0.0346168894784256,3.09290433617564
138,51.5094276131475,-0.160982311146057,-1.27618424966673,0.0171097981962651,3.13829116609764
138.5,51.5094211990931,-0.160982187968543,-1.26601378530047,0.0381851640355684,3.09114148730861
139,51.509414848381,-0.160981853664698,-1.25971476287732,0.0164998464304001,3.11811920561772
139.5,51.5094085063009,-0.160981704375616,-1.25758740605858,0.0341138036997375,3.11086745333279
140,51.5094022088594,-0.160981433905668,-1.24978428574527,0.02142821068401,3.13894821274785
140.5,51.509395936577,-0.160981276301854,-1.2625436597175,0.0399593145054165,3.09067336905927
141,51.5093895952011,-0.160980930875118,-1.29514381768629,0.0315090446850986,3.11624409368255
141.5,51.5093830893552,-0.160980678947693,-1.27224218854358,0.00930021644389178,3.16041561593979
142,51.5093767180659,-0.160980636694633,-1.25073763075783,0.0498264761399151,3.0774871255624
142.5,51.5093704411512,-0.160980210095896,-1.26035891141755,0.00367787104935957,3.1034018039667
143,51.5093641088878,-0.1609801477021,-1.25921987443913,0.0292754480784538,3.06655584745912
143.5,51.5093578038392,-0.160979851104231,-1.24280034898128,0.0313908010784673,3.10234620963647
144,51.5093515962431,-0.160979592906765,-1.26925420009033,-0.0103320433531987,3.14734880532363
144.5,51.5093452350982,-0.160979684722673,-1.26957935265974,-0.0311439189110489,3.19088446922779
145,51.5093388545246,-0.160979964130319,-1.22176452201977,0.000176006218274537,3.13984314952043
145.5,51.5093327373992,-0.160979964508125,-1.28219969834473,0.0352312995144434,3.08262153690127
146,51.5093262916113,-0.160979639283403,-1.24875118162859,0.0460687365097374,3.08098821066335
146.5,51.5093200360052,-0.160979240537985,-1.27062705650167,0.0106674979758668,3.11611765155956
147,51.5093136543612,-0.160979142573918,-1.26602969213266,0.0147293907884054,3.16224491123677
147.5,51.5093073199377,-0.160979055616826,-1.24552762173603,-0.012252480774254,3.14732922272943
148,51.5093010837492,-0.160979150015385,-1.24061594000717,0.0181892730457217,3.13326682045739
148.5,51.509294853297,-0.160979004697723,-1.28703747469997,0.00954480057365911,3.1437063799692
149,51.5092884022727,-0.160978938176966,-1.26495468166025,0.0271208340886384,3.13678849695286
149.5,51.5092820574633,-0.160978744026903,-1.28316279609249,0.0242445859506274,3.10464511718463
150,51.5092756225679,-0.160978541209306,-1.25839496449652,0.019750780534455,3.12696084987681
150.5,51.5092693316884,-0.160978379646525,-1.08279410534414,0.00944614963939387,3.13566585579941
151,51.5092638521546,-0.160978300668422,-0.801637200675215,0.0152053463133519,3.11904681320858
151.5,51.5092597969877,-0.160978166537207,-0.542172715374789,-0.00694964607490871,3.10800517793669
152,51.5092570318605,-0.160978199722861,-0.285721734896255,-0.0204531676423155,3.09665446056223
152.5,51.5092555643619,-0.160978341433717,-0.25728119786889,0.0576862992770481,2.87380678297498
153,51.5092542467946,-0.160977844597925,-0.218492465005868,0.145663170672143,2.62489014336822
153.5,51.5092531359308,-0.160976692849595,-0.180823138710516,0.165824002243746,2.40509550391898
154,51.5092522157048,-0.160975341605118,-0.128754099627685,0.211114542060956,2.15775535913903
154.5,51.5092515680676,-0.160973651213451,-0.0588479554097011,0.220590198293606,1.80962474341872
155,51.5092512758016,-0.16097190364973,-0.00328555194358684,0.218022821111817,1.55194333362697
155.5,51.5092512720056,-0.160970172786329,0.0638687845942356,0.261866456041843,1.25990808212588
156,51.5092516011485,-0.160968052865557,0.122980384358097,0.217786587592783,1.06381486469315
156.5,51.5092522129133,-0.160966306216188,0.153944023972704,0.156213763044038,0.739624870981322
157,51.5092529726629,-0.160965079479949,0.229330436817893,0.136073504638464,0.566591415039448
157.5,51.5092541246523,-0.160963964481239,0.233446001214576,0.068850530197747,0.272009690111506
158,51.509255309058,-0.160963399346303,0.25510600863297,-0.00023669834980758,-0.0511694789376247
158.5,51.5092565831868,-0.160963406860231,0.457167649654349,-0.0101376248900815,0.0055499637268832
159,51.5092588223491,-0.160963470307737,0.6967586542171,-0.0193106541059778,-0.000979000142363069
159.5,51.5092622548687,-0.160963622547231,0.998990374918925,-0.0365374095924368,-0.0594351524833246
160,51.5092672333778,-0.160963932468353,1.20296874017836,-0.013374067124695,-0.0117440553793055
160.5,51.5092732059779,-0.160964027430127,1.26226319826646,0.00381386680794661,0.00644686539113988
161,51.5092795419424,-0.160963994807612,1.28033746626437,-0.0153305194631014,0.000117489840565946
161.5,51.5092859687066,-0.160964109285489,1.27821247749667,-0.0277452398203553,-0.0667475719069175
162,51.509292384888,-0.16096438531029,1.26756641976537,-0.000500102433885437,-0.0246418413223987
162.5,51.5092987337568,-0.160964414295761,1.23739462549935,-0.00249401008940771,-0.0338894815273939
163,51.5093049201681,-0.160964462202134,1.24258352566673,0.0257927484814928,0.0299918064927155
163.5,51.5093111462663,-0.160964247928389,1.26571730055142,0.00695202663732851,-0.00328065538505536
164,51.5093174922884,-0.160964202218534,1.24995231070109,-0.0169730814892137,-0.0148946619271991
164.5,51.5093237272745,-0.160964344558921,1.28181413729295,0.0128489831168288,-0.00086818147903427
165,51.5093301814296,-0.160964247463698,1.28909709030864,-0.0192245047723472,-0.0209832482867141
165.5,51.5093366478358,-0.160964406946703,1.24863087482429,0.0245264318195681,0.060285221797578
166,51.5093428883997,-0.160964171771591,1.26504924047779,0.0152269970343917,0.03746495686505
166.5,51.5093492308791,-0.160964032200966,1.28034998069764,0.0211648058296921,0.0348644109563158
167,51.5093556543345,-0.160963836179032,1.2666318878264,0.012858584670745,-0.00586702125807129
167.5,51.509361983579,-0.160963749825372,1.28372656070165,-0.00214564982634161,-0.00626174420611861
168,51.5093684232211,-0.160963776869296,1.27329060964433,0.0035559033600506,-0.0313287693257739
168.5,51.5093748237726,-0.160963791544443,1.25340204098341,0.0110650194653081,0.0206160570471723
169,51.5093811154536,-0.160963678492988,1.30359216282201,0.0259624020360872,0.0345298357543904
169.5,51.5093876786144,-0.160963465462748,1.27531588399007,-0.00494269375007626,0.00535675930425192
170,51.5093940841067,-0.160963491905312,1.26992306812533,-0.0304474492894238,-0.0280166558295733
170.5,51.5094004383448,-0.160963737061571,1.25644843885983,-0.00272512337836206,0.00448919753229257
171,51.5094067423982,-0.160963761774762,1.24236388111935,-0.030580520895892,-0.0618779454462599
171.5,51.5094129671004,-0.160964041214622,1.26510394329523,-0.0276856964050842,-0.0453610743774756
172,51.5094193120662,-0.16096428919668,1.26528661441284,-0.0102356388916766,-0.0207458018235424
172.5,51.509425687967,-0.16096439262998,1.22435436703034,-0.0157141882494194,-0.0177462904457224
173,51.5094318103363,-0.160964520576734,1.25476749153403,-0.00634202247688233,-0.0072722677541396
173.5,51.509438105113,-0.160964581901096,1.22709684074184,0.00456830183584354,0.00997149452991522
174,51.5094442393354,-0.160964544643025,1.26521140459564,0.0156926197131308,-0.0163436673149574
174.5,51.5094506084189,-0.160964437361905,1.25037444899159,0.0190775487066921,0.0415722087254952
175,51.509456861198,-0.160964252662014,1.26910169469886,0.00747699649060605,-0.0102410184081335
175.5,51.509463220479,-0.160964210173125,1.26802550001774,0.00633023315273671,-0.0147489444228562
176,51.5094695771243,-0.160964176348005,1.25697992560275,-0.0231651404724844,-0.0323497006438797
176.5,51.5094758988048,-0.160964387724467,1.26782318917397,-0.0116274251667971,-0.0146367424743941
177,51.509482243894,-0.160964479854079,1.28412725197045,0.0208979474374426,-0.0107515782617335
177.5,51.5094886904849,-0.160964339673791,1.25416511029028,-0.0159087232526803,-0.0197507684269348
178,51.5094949532338,-0.160964477476648,1.26111968338584,0.0159935560301326,0.0155136232468921
178.5,51.5095012886432,-0.160964340100428,1.2596325281868,0.0214151980818573,-0.0107609735401392
179,51.5095076106272,-0.160964207740411,1.30087966441172,-0.0225782399434223,-0.0842503461867278
179.5,51.5095141544624,-0.160964465007725,1.27392331182727,-0.0178895149343477,-0.0705026024314883
180,51.5095205461148,-0.160964676374569,1.25040811025454,0.00781544394130644,-0.0403572442971908
180.5,51.5095268267745,-0.160964677656327,1.26057974294717,0.0074263585699937,-0.0166203696320353
181,51.5095331698204,-0.160964646419321,1.2693228096446,-0.0026097911343289,-0.000902905621316921
181.5,51.5095395446971,-0.160964659260824,1.24667095729246,0.00369331961703484,-0.0112514945233414
182,51.5095457879549,-0.160964647396093,1.24555428448655,0.00473234120211345,0.0037340296060012
182.5,51.5095520353319,-0.160964605566516,1.26098380150298,-0.00924340625041687,-0.000794800831528594
183,51.5095583609803,-0.160964669381162,1.28156558989738,-0.0121280254594299,-0.0200390451960166
183.5,51.5095648004497,-0.160964779495485,1.2580027169814,-0.00715787609049042,-0.00305784927597493
184,51.5095711068023,-0.16096482805932,1.29053244175872,-0.00329309020248891,-0.0378865377250228
184.5,51.5095776091248,-0.160964900143477,1.26384273548785,-0.0339017687959451,-0.0817581753459792
185,51.5095839367138,-0.160965237787118,1.26214285663757,-0.0186115214808601,-0.0322921075449106
185.5,51.5095902826972,-0.160965397042522,1.24394016414938,0.00211756139494244,-0.0095823078901711
186,51.5095965259316,-0.160965400177532,1.26434323881447,-0.0142803862138156,0.00364883849696146
186.5,51.5096028484757,-0.160965486505237,1.27437760220922,-0.0575088809613891,-0.0576109246625568
187,51.5096092467351,-0.160965960102643,1.25497744139675,-0.0289190072033562,-0.0491563381272437
187.5,51.5096155356063,-0.160966224835307,1.24342839114941,-0.0214566794208043,-0.0493105710581006
188,51.5096217493039,-0.160966427794142,1.23744753356258,-0.0326862058361803,-0.0574202168810606
188.5,51.509627960829,-0.160966722161067,1.281094668805,-0.021361730192866,-0.0365637050548967
189,51.5096343753993,-0.160966921365917,1.27251719726298,0.000375311664545461,-0.00450534205301854
189.5,51.5096407472917,-0.160966921998916,1.05367988011791,0.00911907871529204,0.0273625951218134
190,51.5096460662733,-0.160966838969362,0.812139287905917,0.0133129145750299,0.0254073548239694
190.5,51.5096501835613,-0.160966729773939,0.563460856530538,0.00640649107650056,0.0565744415305577
191,51.5096530736837,-0.160966648335104,0.294514280009885,-0.0110812721445135,0.0460795252014299
191.5,51.5096545927801,-0.160966695929702,0.277024386426229,0.0639754647019943,0.240414253145812
192,51.5096559856862,-0.160966169974249,0.197975592527794,0.122316439962001,0.546294531047526
192.5,51.5096569542714,-0.160965200347271,0.164819104368743,0.165938508957271,0.714056828754576
193,51.509657769681,-0.160963890392615,0.1291688398212,0.235789764621797,1.10692057598632
193.5,51.5096584162364,-0.160961994609478,0.0797973580592108,0.234057023765083,1.30285472882341
194,51.5096588049317,-0.160960114849727,0.0111827367268984,0.227658995449721,1.6173598714918
194.5,51.509658848283,-0.160958286039792,-0.0634338662596411,0.241675389769813,1.79866330428063
195,51.5096585316642,-0.160956336036751,-0.122964141547827,0.213485709593951,2.01695009793852
195.5,51.5096579308295,-0.160954638810685,-0.17364422315322,0.185973283126269,2.2844591366549
196,51.5096570656962,-0.160953147835177,-0.195642899383759,0.123048746278811,2.56244235348878
196.5,51.5096560831036,-0.160952149245745,-0.245243137624398,0.0940462844907147,2.79921651234191
197,51.5096548637505,-0.16095140098005,-0.246712875564992,0.00800706288545619,3.05437801506148
197.5,51.5096536232519,-0.160951323245241,-0.480090810855008,0.0143106437207249,3.08713753619824
198,51.5096512437899,-0.160951212827821,-0.748292009636356,0.00718337351948493,3.16086499807961
198.5,51.5096475009993,-0.160951169551402,-0.984345803867267,-0.00492112378933612,3.16303027972958
199,51.5096425949132,-0.160951228436911,-1.23444569037926,0.0041246953151825,3.14554172283204
199.5,51.5096364518512,-0.160951213879417,-1.27512471455507,0.0389376150981529,3.09049919218124
200,51.5096300619835,-0.160950868505672,-1.24608325692667,-0.0378316729122219,3.19262470211837
200.5,51.5096238060701,-0.160951199630635,-1.28313182843429,0.0152507173734059,3.0844213186806
201,51.5096173471742,-0.160951023145282,-1.2390823860736,0.00842685318157809,3.13891176329175
201.5,51.5096111425768,-0.160950958539891,-1.26892459116329,0.0125700920924291,3.11024752285445
202,51.5096047888398,-0.160950845426093,-1.27512413620916,0.0414300318644825,3.08123445567686
202.5,51.5095984020599,-0.160950485457222,-1.26758600838326,0.0112735032072644,3.1578345375208
203,51.5095920397654,-0.160950426518859,-1.2654318147471,0.0171935835052222,3.13630984389616
203.5,51.50958569185,-0.160950287550774,-1.28988597198611,0.0288220581125114,3.12042700387309
204,51.5095792146479,-0.160950056802218,-1.27437731786332,0.00785778199337801,3.12828264356988
204.5,51.5095728175383,-0.160949983426381,-1.25436720656037,0.0125899098551033,3.13090685954667
205,51.5095665471103,-0.160949883524674,-1.27526910420199,0.00662152315400375,3.16400359574821
205.5,51.5095601382959,-0.160949857263612,-1.24805041409487,0.0366758646551032,3.10957578227727
206,51.5095538845577,-0.16094955609436,-1.25237309896092,0.0138431406110902,3.13851152613301
206.5,51.5095476014642,-0.160949456646844,-1.26196809127778,0.0218768759089398,3.10315320101337
207,51.5095412664768,-0.160949251646408,-1.2792491354008,0.00347934533130762,3.12221149307752
207.5,51.5095348464647,-0.16094920123207,-1.24156492395365,-0.0141012553467067,3.14959755036376
208,51.5095286184168,-0.160949314172664,-1.26767480451611,-0.035353389109803,3.18739454899806
208.5,51.5095222443532,-0.160949628235214,-1.26234224109837,0.000597425921268399,3.11025004660055
209,51.5095158956491,-0.160949588068717,-1.23881543076732,-0.0111324573471988,3.15897184118529
209.5,51.509509697703,-0.160949690118414,-1.25176351420939,-0.0244182447992098,3.13965465570654
210,51.5095034100529,-0.160949858478675,-1.23913155964854,-0.00949295642131096,3.17002677935674
210.5,51.5094972127965,-0.16094995350832,-1.30011649047493,-0.0202868077347442,3.17710613325415
211,51.5094906671367,-0.160950142837245,-1.26918616654721,0.0137964507063034,3.14945979850722
211.5,51.5094843101388,-0.160950053260162,-1.27429972819382,0.0445999258528013,3.10344106165756
212,51.5094779068188,-0.160949687692861,-1.25437783923199,-0.0255804660159419,3.19318001876247
212.5,51.5094716131403,-0.160949918678344,-1.27527633321958,0.0514523878566747,3.08581682111864
213,51.509465214541,-0.160949485375314,-1.27854932429262,-0.00208932329523445,3.13661052747436
213.5,51.5094587883784,-0.160949506203231,-1.2499892814174,0.0192501982737437,3.10213413293372
214,51.5094525341386,-0.160949336078986,-1.26626677384893,-0.0153228504933812,3.10138159757481
214.5,51.5094461728241,-0.160949415557681,-1.24946275995684,-0.0204645254394232,3.18328099993731
215,51.5094398969949,-0.160949605223347,-1.27917491767415,0.0214177583017023,3.10183854571694
215.5,51.5094334825796,-0.160949412046807,-1.2734905579355,0.00971002860014205,3.13905877935596
216,51.5094270786893,-0.160949327545473,-1.23948657064975,-0.00192187139807126,3.15483774261793
216.5,51.5094208594173,-0.160949356629998,-1.28386781192175,0.0213301127794232,3.08364986395259
217,51.5094143893448,-0.160949122583691,-1.26648174035457,-0.0128664598897246,3.14311023309258
217.5,51.509408024235,-0.160949209969029,-1.26626885939958,-0.0108909014404193,3.15182382079911
218,51.5094016793052,-0.160949298596478,-1.23990564853552,0.0108231169933478,3.07863710904391
218.5,51.5093954714644,-0.160949151818347,-1.25897261011964,0.0301467704170294,3.06697343319062
219,51.5093891605674,-0.160948858925524,-1.23991387322823,0.0277640435541632,3.10214774475656
219.5,51.5093829513784,-0.160948617212005,-1.2680717905638,-0.0226154652376796,3.16048668574693
220,51.509376575252,-0.160948803887889,-1.27312926006686,0.0319801032761802,3.09726537816031
220.5,51.5093701915,-0.160948518792214,-1.27303109078408,0.00376355598385722,3.14632714193939
221,51.5093638086884,-0.16094849363228,-1.22415403948911,-0.0105890967400554,3.14263523999132
221.5,51.5093576890535,-0.160948567553582,-1.289453127395,0.00926034740396084,3.14409386051643
222,51.5093512148569,-0.160948511421518,-1.25111818877666,0.00396735608935035,3.11826273975008
222.5,51.5093449273548,-0.160948463164715,-1.24815681680437,-0.0179751789734578,3.16981791231449
223,51.5093386678198,-0.160948623468207,-1.2711095319605,0.0526567233287546,3.06143470585856
223.5,51.509332284847,-0.160948154243137,-1.26492282755047,0.0034052515034045,3.12745844150122
224,51.5093259386311,-0.160948120955894,-1.25448032680655,0.0011196234079456,3.12250043931651
224.5,51.509319644387,-0.160948094299768,-1.25658675858542,0.00921983842812483,3.09716203197931
225,51.5093133398804,-0.160947985693138,-1.27801711978237,0.00338767501983754,3.11777935336044
225.5,51.5093069289343,-0.160947937589594,-1.23037690282845,0.00410625777462819,3.12521121315221
226,51.5093007819944,-0.160947891406226,-1.28013433319627,0.0301927491952195,3.08611160897464
226.5,51.5092943568535,-0.160947618188838,-1.25443678500824,-0.0160489459624584,3.17489373120504
227,51.5092880658233,-0.160947777036254,-1.27630370247407,0.00174531987516599,3.1303003157437
227.5,51.5092816614384,-0.160947751713342,-1.25926529531295,-0.0169388675209111,3.1759521913659
228,51.5092753468476,-0.160947910845264,-1.26643726769079,-0.00995983117459457,3.15134609276692
228.5,51.509268993997,-0.160947992557967,-1.04595900292352,0.0153855834616734,3.13881839864874
229,51.5092637148182,-0.160947878303656,-0.823122111615255,0.00888033387925831,3.12624534167798
229.5,51.5092595339627,-0.160947810198478,-0.546671768183516,-0.000571741892291099,3.15252303285872
230,51.5092567601135,-0.16094781852641,-0.287710699343569,-0.0142040698901775,3.15505374456616
230.5,51.5092552862965,-0.160947926551542,-0.229492605326114,0.0867253923560084,2.83259834982209
231,51.5092541267074,-0.160947243083263,-0.222162574012321,0.134859732519219,2.59426016651966
231.5,51.509253015867,-0.160946162121579,-0.200456398388867,0.187747088214462,2.33603714336191
232,51.5092520172985,-0.160944644402644,-0.120782634966598,0.241360825501232,2.10244888234545
232.5,51.509251398226,-0.160942690629435,-0.0721046097562782,0.256069523282092,1.85826209722892
233,51.5092510344352,-0.160940614976642,0.00498004960970101,0.261944847203808,1.53552486689177
233.5,51.5092510578239,-0.160938490721346,0.0629898456085183,0.267826628837593,1.32133565602262
234,51.5092513744609,-0.16093632657848,0.143535628351272,0.230041884395868,0.99847732653892
234.5,51.5092521085299,-0.160934457196538,0.187703324422623,0.197811360048693,0.762734805452183
235,51.5092530753959,-0.160932852469025,0.214143802301267,0.12683549745434,0.558211767810947
235.5,51.5092541471576,-0.160931836452887,0.23023477944398,0.0682753096614852,0.271290484956251
236,51.5092552968311,-0.160931285572844,0.260351037121086,-0.021006384672344,-0.0594431597048678
236.5,51.509256616286,-0.160931451141497,0.494866905738467,-0.00417839397209083,0.00590339879962518
237,51.5092590874943,-0.16093148499777,0.721481553578267,0.0112345282975811,0.0391228636045607
237.5,51.5092626485402,-0.160931387659147,0.952224519310998,-0.00894937984254345,-0.00148988047506652
238,51.5092673501954,-0.160931443716047,1.22235835692263,0.00282740837886646,-0.0176983086400237
238.5,51.5092734344817,-0.160931448676409,1.24744334306334,-0.0132063107064738,-0.0468026275372762
239,51.5092796751648,-0.160931592826621,1.25566829739719,0.00551325419426034,-0.0284553985784069
239.5,51.5092859744263,-0.160931588728171,1.26136725936057,-0.000344030058379564,-0.0180388495290015
240,51.5092923020105,-0.160931616518343,1.24133085692653,-0.0245990524936882,0.00634279030828478
240.5,51.5092985158091,-0.160931785434895,1.25705620322929,-0.0389167758230507,-0.0543367271283785
241,51.5093048153307,-0.160932114496363,1.25194322599201,-0.0480233860699655,-0.0743649809326873
241.5,51.5093110865454,-0.16093252758881,1.25230309803007,-0.0371962640472053,-0.0786055497156866
242,51.5093173484812,-0.160932867181455,1.25979924357447,-0.00733214462027341,-0.0189859699000191
242.5,51.509323676974,-0.160932935410686,1.26908737125402,0.017893331908038,0.0392370838325711
243,51.5093300408644,-0.160932768100684,1.22894374855713,0.00141134422836497,-0.00145254661002121
243.5,51.5093362016313,-0.160932756853345,1.2622591974366,0.00727102033345456,-0.0371187147479386
244,51.5093425355507,-0.160932750443332,1.25735983786048,-0.00114060335469146,-0.0204265179398869
244.5,51.5093488250285,-0.16093278440124,1.25191872437389,-0.0211288754991768,-0.00656321750043282
245,51.5093550831134,-0.160932946798733,1.22288244602203,0.00132901660317597,-0.0126515515394432
245.5,51.5093611802334,-0.160932956231838,1.2753276850448,-0.0167200343197566,-0.0405364657701745
246,51.5093676003866,-0.160933123680276,1.23674743041742,-0.0201323837087868,-0.0359495385438707
246.5,51.5093737786125,-0.160933294571101,1.26425763458035,-0.00969725734586647,0.0275566803248509
247,51.5093801122575,-0.160933330984949,1.24091667956277,-0.0114271564041099,-0.0614345233265865
247.5,51.5093863467711,-0.160933485843519,1.23994755172392,-0.0218960407304922,-0.0408978905762606
248,51.5093925556927,-0.160933682189731,1.26399506005783,-0.000980795942003464,-0.0074181405072657
248.5,51.5093988901619,-0.160933690173813,1.26855276375713,-0.0218247327606293,-0.0579631495938104
249,51.5094052764404,-0.160933921234712,1.26910361249374,-0.0139953883833734,-0.0163916730754765
249.5,51.5094116502397,-0.160934047777966,1.24148678871828,-0.0301055741457785,-0.0574467540887394
250,51.50941788919,-0.160934323268824,1.26918161788754,-0.0365391801241114,-0.0614250833119014
250.5,51.5094242534186,-0.16093465174227,1.24966623463058,-0.0292337783157582,-0.0271426384494855
251,51.5094305247058,-0.160934888813805,1.26453026838057,-0.0290542921824193,-0.0267063356028792
251.5,51.5094368647391,-0.160935136117659,1.23464793837546,-0.0452366426532061,-0.0580410622260837
252,51.5094430528755,-0.160935516388586,1.27043350647586,-0.0343017651166664,-0.0249843642301398
252.5,51.5094494404841,-0.160935801752991,1.27102930733912,-0.039263769318468,-0.0452173075578254
253,51.5094558186496,-0.160936138175004,1.29155824644112,-0.0489566359352808,-0.0750836377054908
253.5,51.5094623222544,-0.160936569024295,1.26898069236284,-0.0342721806352818,-0.0678608264876619
254,51.5094686879724,-0.160936884653195,1.24916842110628,-0.0200001220400047,-0.0260709780807461
254.5,51.5094749572575,-0.160937056596495,1.26893162584465,0.00182937528094156,-0.0120909487450826
255,51.509481340858,-0.160937059177136,1.29530601423937,-0.0379694484177487,-0.0427270952906568
255.5,51.5094878294709,-0.160937371908645,1.26964670748521,-0.00775483379050865,0.0156686740390355
256,51.5094941957449,-0.16093742564554,1.2559285711154,0.0225155134496475,0.0542206594344489
256.5,51.5095004925043,-0.160937208822447,1.27716860596679,0.00805544472647544,0.0358884053674005
257,51.5095068963061,-0.160937100262665,1.29040045542783,-0.00397012359536688,-0.00796856773189054
257.5,51.5095133838486,-0.160937135135188,1.2582413488044,-0.00113344273797722,-0.0427774071116061
258,51.5095196931496,-0.160937189399093,1.26376917947587,-0.0218679874391496,-0.0462676598614616
258.5,51.5095260151748,-0.160937401843175,1.2560155740184,0.0209188332512141,0.0202787935495057
259,51.5095323150939,-0.160937238496527,1.25078319089927,-0.0115751430074458,0.0104137383254507
259.5,51.5095385834512,-0.160937311105315,1.27039046693982,-0.0313193056364512,-0.0620359838930187
260,51.5095449406399,-0.160937602248802,1.25450313262041,0.0242848110293977,0.0210853898013221
260.5,51.5095512329311,-0.160937412045538,1.25604017002604,0.0315645154265467,0.0546349182193331
261,51.5095575314185,-0.160937128824238,1.27490339073171,-0.00175607783361511,-0.0366095425148698
261.5,51.5095639190527,-0.160937177394629,1.27426483324475,0.0405237750483058,0.0342122313661657
262,51.5095703329928,-0.160936851703111,1.25333578332552,0.0430875808167506,0.00905754309326071
262.5,51.5095765938108,-0.160936540730543,1.2769264309669,0.0659638690543461,0.0775940174965131
263,51.5095829865263,-0.160935977820114,1.26742745485801,0.0598285350497808,0.0215658490294543
263.5,51.5095893300357,-0.160935525527601,1.2883242992257,0.014214749512709,-0.0479003109536584
264,51.5095957976757,-0.160935481935122,1.2688152559212,0.0553794638823033,0.0303711468243197
264.5,51.5096021402083,-0.160935047089126,1.26863212285087,0.00190868453499567,-0.0460883271586455
265,51.509608508302,-0.16093508054655,1.24843220365611,0.0341207622888017,0.0419960424041082
265.5,51.5096147610682,-0.160934781998868,1.27594609982538,0.012879860771895,-0.00468062671421753
266,51.5096211689718,-0.160934689742664,1.25554424695997,-0.00458527315514188,-0.0144591572440953
266.5,51.5096274709257,-0.160934742198894,1.25585770569647,0.00683101983713787,0.013978124895216
267,51.5096337075703,-0.160934706126637,1.23540903772211,0.00710556241757476,-0.0308415184542911
267.5,51.5096398164591,-0.160934707207203,1.07641897838185,0.00905024230488009,0.0170536662264992
268,51.5096452079262,-0.160934655544391,0.798204745562003,-0.0251331543271937,-0.0524773530539579
268.5,51.5096491589951,-0.160934905326262,0.571305606425234,0.0300974177008157,0.0394773979380264
269,51.509652007221,-0.160934692857839,0.288527896743052,0.00302354271324355,0.0535684880298939
269.5,51.5096534027729,-0.160934693372243,0.26333395656656,0.0429179831746759,0.260825794972147
270,51.5096546676752,-0.160934347491489,0.224897374965723,0.131971201419738,0.485227026603983
270.5,51.5096557352461,-0.160933316585432,0.204981094183524,0.19347079997664,0.77042024919243
271,51.5096566914186,-0.160931778231372,0.111581563252415,0.216378752083786,1.04682382489447
271.5,51.5096571670367,-0.160930115621405,0.0731493922398864,0.221897876991113,1.2484484239175
272,51.5096574587684,-0.160928370420579,0.00790530104261516,0.258987735118421,1.52288544534699
272.5,51.5096574289153,-0.160926333802052,-0.0687875101476706,0.261257530868523,1.82778015048087
273,51.5096570125362,-0.160924236113644,-0.157810421778488,0.282708068210515,2.05773016620645
273.5,51.5096561464123,-0.160921967890058,-0.161910268667654,0.18789996799862,2.30392122634946
274,51.5096552818287,-0.160920511491564,-0.231042828168454,0.132853901908932,2.63013070737752
274.5,51.5096540624407,-0.160919489658356,-0.210846326932856,0.045454852913028,2.84205660494327
275,51.5096529409054,-0.160919134333002,-0.234993588578542,0.00789174550448568,3.1252014393084
275.5,51.5096517190947,-0.160919088236624,-0.47247363757839,0.00414912757102179,3.13730408292186
276,51.509649314692,-0.160919096846805,-0.677132020736153,0.0121299661340257,3.12006341339266
276.5,51.5096459111505,-0.160919026858419,-0.978412558096586,0.00193956421965878,3.11377244042634
277,51.5096409716498,-0.160919020946318,-1.21979637483041,-0.0129890469123019,3.17213337081995
277.5,51.5096349121938,-0.160919134090137,-1.27685319237504,0.00698759171884991,3.11631679537254
278,51.5096285294769,-0.16091905827948,-1.25243536716507,0.0370122371360095,3.10131421041239
278.5,51.5096222787156,-0.16091875247431,-1.30202976893428,0.020718519356872,3.12571662908767
279,51.5096157193698,-0.16091857429811,-1.26453791464636,0.01581564039034,3.135242386563
279.5,51.5096093726256,-0.160918453110948,-1.29086262178309,0.0247469174486878,3.10782427281439
280,51.5096028565648,-0.1609182304611,-1.27438771767815,0.0356013082248323,3.0580733622895
280.5,51.5095964692523,-0.160917885207849,-1.28734998725407,0.0417454581985698,3.06513175129194
281,51.5095900028476,-0.160917504291303,-1.27564640426586,0.0068960389469725,3.12433049034106
281.5,51.5095836047312,-0.160917438110588,-1.25795630100879,-0.011672144179725,3.17431748806321
282,51.5095772977075,-0.160917553721547,-1.24705526629379,0.0200116035715738,3.1156954686308
282.5,51.5095710481131,-0.160917391288212,-1.27507242796384,-0.00779505733422441,3.17245109404764
283,51.509564634096,-0.160917489150239,-1.23957533374715,-0.0390917569549522,3.20831678638084
283.5,51.5095584252609,-0.160917839398624,-1.26431634855163,0.00690178067511949,3.13505215440118
284,51.5095520800684,-0.160917775785399,-1.27798766046351,-0.0016337220377082,3.13481662047329
284.5,51.5095456516336,-0.160917775290753,-1.25390054241098,0.0246949945869435,3.09769562451021
285,51.5095393656172,-0.160917553549594,-1.25124299251011,0.0304293503995002,3.09341495842825
285.5,51.5095330986659,-0.160917278935804,-1.25599385990595,0.0527656399173706,3.06141559799391
286,51.5095267975513,-0.160916815694829,-1.26354049669402,0.0586192574930438,3.09105269717357
286.5,51.5095204470899,-0.160916334809664,-1.27250611958588,0.0788457927914274,3.05685556229457
287,51.5095140469445,-0.160915680783377,-1.25331013407634,0.0749469567476778,3.07313069124696
287.5,51.509507752455,-0.160915061353824,-1.27200430160264,0.0310123814226022,3.11982963875666
288,51.5095013520045,-0.160914810737135,-1.29322891777627,0.078884611614046,3.05377110124871
288.5,51.5094948411503,-0.160914141583343,-1.26247085569906,0.046458769408507,3.08825572327144
289,51.5094885128083,-0.160913751335248,-1.28002672296654,0.0555615595286538,3.08515948997977
289.5,51.5094820983066,-0.160913298867501,-1.27131047558546,0.0567858459228439,3.06313798838355
290,51.5094757257212,-0.160912813633413,-1.25824264014773,0.00844857568061703,3.14253009612119
290.5,51.5094694034165,-0.160912751512934,-1.26256194771719,-0.00843752098499144,3.16841395724688
291,51.5094630674441,-0.160912844835137,-1.26867061701342,0.0237089528616816,3.12730234274359
291.5,51.5094567133738,-0.160912666620484,-1.28726559124053,0.0301898400480582,3.09640358344489
292,51.5094502507481,-0.160912397161537,-1.28498147043949,0.00662783852905316,3.12027544297151
292.5,51.509443816658,-0.16091232042274,-1.29778437848078,-0.0108789014927634,3.16707456365363
293,51.5094373023437,-0.160912433368365,-1.28504140270126,-0.00270929005021531,3.17342645733749
293.5,51.5094308746139,-0.160912498807973,-1.25555300604817,-0.0123017810976677,3.13404343088801
294,51.5094245723939,-0.160912580705514,-1.26755554524601,-0.0120504209071417,3.1801746088294
294.5,51.5094182426656,-0.160912702397438,-1.2799839732763,-0.00481393526960647,3.14336529201881
295,51.5094118271603,-0.160912740325654,-1.26112373485025,-0.0140253281848881,3.14164455969196
295.5,51.5094054984975,-0.160912842228466,-1.26249807225153,-0.0339095198240938,3.17267336521855
296,51.5093991412222,-0.160913112297172,-1.24335881091788,-0.0313273417804616,3.1821985572072
296.5,51.5093929169972,-0.160913384718516,-1.25184380470716,-0.0326044491883697,3.17344791616064
297,51.5093866336927,-0.16091365818686,-1.24552877536092,-0.0164053183546875,3.15842047771195
297.5,51.5093803884025,-0.160913787185001,-1.25180006001042,-0.00770538738982454,3.1467613327334
298,51.5093741198484,-0.160913851260006,-1.27085729913412,-0.0166511349789444,3.15754115640018
298.5,51.5093677468901,-0.160913988424104,-1.29263084444539,-9.57523020249443e-05,3.16450437259851
299,51.5093612651266,-0.160914009251463,-1.25240002703672,-0.0240743353629964,3.1719675819943
299.5,51.5093549968652,-0.160914211724429,-1.2377045882381,-0.00499622165642935,3.15454172779548
300,51.5093488080186,-0.160914266355862,-1.26238185371886,0.035759254872954,3.08157043155787
300.5,51.5093424759699,-0.16091394637283,-1.29746345653216,0.0191772237181815,3.15550787400154
301,51.5093359602932,-0.160913818239492,-1.30265423316718,-0.0347286939727687,3.17481052263295
301.5,51.5093294097169,-0.160914106407317,-1.26602458918097,-0.0334713807375481,3.17572795669959
302,51.5093230695189,-0.160914392239773,-1.26632693340455,-0.00499612200490351,3.15509073681966
302.5,51.509316724765,-0.160914446029625,-1.27664370437568,0.00973838560323603,3.12490126362101
303,51.5093103218747,-0.160914358412276,-1.25396333864738,-0.0222480425879401,3.17536033276325
303.5,51.5093040227657,-0.160914566919558,-1.2651918945576,-0.0144294339705083,3.13787182631024
304,51.5092976687052,-0.160914662440948,-1.24034833636905,-0.0233584021963812,3.164390125091
304.5,51.5092914542809,-0.160914854235178,-1.2349275760353,-0.00637188735580184,3.14389691930897
305,51.5092852635203,-0.160914902572136,-1.26794257506511,-0.013153715036337,3.13446381438231
305.5,51.5092788877055,-0.160914977347759,-1.23304371490106,-0.0268803805522821,3.18971540755223
306,51.509272724767,-0.160915218208397,-1.27352972247614,-0.00324462477805315,3.15202683924304
306.5,51.5092663214942,-0.160915249170521,-1.08021765701368,0.0137085728709274,3.13759475005549
307,51.5092608501238,-0.16091515044139,-0.805416544184614,0.00262967809473285,3.09745664704771
307.5,51.5092567655555,-0.160915105156274,-0.540661672446898,0.0238824658730601,3.0758559478248
308,51.5092540150726,-0.160914906113411,-0.286638645900466,0.0131734787887725,3.11136093296148
308.5,51.5092525351926,-0.160914795092595,-0.233963736100195,0.0610031506938031,2.8651514438869
309,51.5092513540436,-0.160914303983455,-0.206757880646378,0.118244383057095,2.66209544571549
309.5,51.5092503185634,-0.160913353440532,-0.207779299864118,0.186694499638461,2.31766755996593
310,51.5092492810208,-0.160911828985382,-0.133684417930951,0.226895750308968,2.0565884555856
310.5,51.5092486123464,-0.16090999788816,-0.0806476782838974,0.248967014060305,1.83883201163685
311,51.5092482105026,-0.160907962470811,-0.00436627013721309,0.283067354918716,1.56002522471802
311.5,51.5092481902096,-0.160905700704859,0.04763284897597,0.234174615096038,1.36586585722925
312,51.5092484293646,-0.160903839841087,0.136512011812209,0.217291611853779,1.01790927457184
312.5,51.5092491247803,-0.160902073861427,0.162145785169161,0.180228012374176,0.793726484160391
313,51.5092499430303,-0.160900627237717,0.217407429156843,0.131222804586856,0.568426925453899
313.5,51.5092510435992,-0.160899552374955,0.22461851940759,0.0559445115642442,0.317382686728383
314,51.5092521644806,-0.160899106904373,0.249636695123467,-0.0120140982004709,0.0144155198868381
314.5,51.5092533999046,-0.16089919860302,0.474026676827826,0.00682300013471866,-0.0594369695456093
315,51.5092557452162,-0.160899167937634,0.715920178017505,-0.0158513415636939,-0.0763373738202741
315.5,51.5092593232001,-0.160899329966936,0.9340783671598,-0.00912595304805876,0.0056601881282905
316,51.5092639394498,-0.160899387649967,1.21069674418237,-0.0132063919586419,-0.00609888558582753
316.5,51.5092699819843,-0.160899485691542,1.25344153248427,-0.0405610890808993,-0.0735103804469918
317,51.5092762704372,-0.160899858840208,1.2377548056085,-0.0348505819420449,-0.0504462719169287
317.5,51.5092824698492,-0.16090017011843,1.2812619299676,0.0166724939762452,-0.00635705925631002
318,51.5092889262633,-0.160900050306423,1.26029666875303,0.00963623641592773,-0.0138044998868011
318.5,51.509295241241,-0.160899990476945,1.26876279740785,-0.0261211696682026,-0.0835823852945759
319,51.5093016053642,-0.160900275509126,1.25436317730158,0.0437340208560945,0.0241069878923483
319.5,51.5093078841709,-0.16089992773464,1.26972958971826,0.0033119265726402,-0.03302145293222
320,51.5093142566927,-0.160899946095942,1.25755545834904,-0.020615850257133,-0.0597823704489262
320.5,51.5093205541471,-0.160900152871474,1.27362714659733,-0.00936588664005671,-0.0173563081564694
321,51.5093269548405,-0.160900242573764,1.29443420244129,-0.0189912890475882,-0.0408394123073809
321.5,51.5093334608116,-0.160900419823038,1.26907585679858,-0.0196021174190309,-0.0498148599122826
322,51.5093398292594,-0.160900609656939,1.26322147020646,-0.000208237296138623,-0.0137587840658057
322.5,51.5093461936968,-0.160900630223768,1.23598876552633,-0.0121274963947555,-0.0217066943599226
323,51.5093523736198,-0.16090074753404,1.24053454433951,-0.00501377815703534,-0.0298540036551026
323.5,51.5093585896793,-0.160900812326957,1.2470373120398,-0.014953306795603,-0.0657793017049651
324,51.5093648413347,-0.160900981673354,1.24283712773618,-0.0104688693504322,-0.060529870637668
324.5,51.5093710734304,-0.160901126399916,1.22145776974451,-0.0243077993060954,-0.069783101442926
325,51.5093771863561,-0.16090137997525,1.2172499950279,-0.0171631022616609,-0.0337798220454322
325.5,51.5093832629706,-0.160901532982522,1.26381329783323,-0.0280399414359227,-0.0480184932012435
326,51.5093896002872,-0.160901783971512,1.25816648594413,-0.00336438268288665,-0.0440379400446421
326.5,51.5093959078571,-0.160901851814927,1.25657484909492,0.028477081062628,-0.00170131557208351
327,51.5094022097698,-0.160901648447218,1.28425622697762,0.00271288567662793,-0.00626853613919527
327.5,51.5094086454582,-0.16090163894888,1.26724712422329,0.0502070047771598,0.0322231065131855
328,51.5094150062156,-0.160901246750069,1.25473763067593,0.006060788336977,-0.0534366366603115
328.5,51.5094212980706,-0.160901262839366,1.26002348115627,-0.0126000060447083,-0.0501498061537537
329,51.5094275955085,-0.16090139663479,1.24551303379171,0.0178412749262722,0.0178238282065817
329.5,51.5094338365522,-0.160901255783195,1.25232699392453,-0.0244915720974679,-0.0326994358873895
330,51.5094401313459,-0.160901464575313,1.25027812145185,-0.0449185317612556,-0.0486727488081781
330.5,51.5094463807205,-0.160901829921263,1.2470426814765,-0.00608974385129029,-0.0265942446399039
331,51.5094526102407,-0.160901906760326,1.29096436267529,-0.00359212431170629,-0.00766579156150748
331.5,51.5094590877591,-0.160901947058466,1.28662709578081,-0.0136993835711377,-0.035951971323408
332,51.5094655547499,-0.160902093051702,1.24907655481893,-0.0105897285661552,-0.0498281353578122
332.5,51.5094718258479,-0.16090221187427,1.29624717269646,-0.00313035260355017,0.0117860317416233
333,51.5094783503365,-0.160902226444637,1.26454600091639,-0.0106265073016004,-0.0151109557590552
333.5,51.5094847041691,-0.160902317816206,1.24771949408579,-0.0369751609085626,-0.0812354618537361
334,51.5094909740326,-0.160902660782796,1.2479085347635,0.0166071106538732,-0.00365004115971372
334.5,51.5094972306615,-0.160902552152886,1.29285332175624,-0.0137535145266222,0.00955124235419247
335,51.5095037314833,-0.16090264616412,1.26673893458378,-0.00821281085266279,0.0112489116734153
335.5,51.5095100813159,-0.160902697337204,1.25607707620899,-0.00761414555309501,-0.0099966871673512
336,51.509516376896,-0.160902755512612,1.25566461261651,-0.0293688789605543,-0.0623937197188375
336.5,51.5095226616923,-0.160903031317572,1.2612061906829,-0.0183468749645961,-0.0173223969200831
337,51.5095289721813,-0.160903191809219,1.28319481220102,-0.0327084034474392,-0.0254295802603054
337.5,51.5095354142403,-0.160903466811513,1.27516949166067,-0.00540705514988835,0.0368910777891466
338,51.5095418047055,-0.16090346870496,1.26839615659932,-0.00591457382997336,-0.047072739212718
338.5,51.5095481553138,-0.160903563109554,1.26600991637188,-0.0106226035520146,-0.0589839496858453
339,51.5095544835185,-0.16090370083066,1.25430769177853,-0.0401166345148254,-0.0588389399997805
339.5,51.5095607760289,-0.160904054661988,1.2256697565304,-0.0234959027055443,-0.0572358877020223
340,51.5095668899598,-0.160904278764017,1.26904160308621,0.000269124715728045,0.0106128915806649
340.5,51.509573253182,-0.160904263915715,1.26873196000144,0.0139547454402733,0.00657342179828924
341,51.509579623566,-0.160904162390649,1.24479907458077,-0.00351152816000864,-0.0302462800267844
341.5,51.5095858603089,-0.160904218190474,1.2802316708097,-0.00970676369237079,-0.00275317117492831
342,51.5095922827701,-0.16090429993576,1.26280700969194,0.00289231381426272,-0.00206493423958608
342.5,51.5095986098899,-0.160904287353923,1.2979428899723,-0.0260043010896302,-0.0421186516269804
343,51.5096051320403,-0.160904513357759,1.29097312793963,-0.0409918267028327,-0.0588311715916398
343.5,51.5096116046651,-0.160904875303486,1.26336180541795,-0.0353014215175119,-0.0120249053640134
344,51.5096179226428,-0.160905150791475,1.26225881876382,-0.0196402732433218,-0.000545013932359985
344.5,51.5096242602925,-0.160905297138296,1.24476609552573,-0.00653976134099377,0.0187576522762579
345,51.5096304480078,-0.160905341315678,1.28705761283591,-0.00817052224749468,-0.0416615272589612
345.5,51.5096368549967,-0.160905474241184,1.02882170651438,-0.00806868189320874,-0.0154003096388862
346,51.5096419934508,-0.160905578861128,0.800974128584075,-0.0123961281374574,-0.0131997193463391
346.5,51.5096459955354,-0.160905700711809,0.544432065296197,-0.0292788910692337,-0.0841181760502124
347,51.5096487177548,-0.160905982849324,0.306548831400657,-0.0154792015004008,0.0502230954611999
347.5,51.5096502405109,-0.16090610796912,0.220959293506676,0.0431734541626585,0.258254577663431
348,51.5096512718666,-0.160905786083643,0.185124464674812,0.12612235750871,0.515067311081048
348.5,51.5096521380157,-0.160904809200323,0.162562648492066,0.147861787548284,0.701780671662732
349,51.5096528830735,-0.160903673277108,0.137600580154366,0.202323594447261,1.00110487242938
349.5,51.509653513692,-0.160902069367045,0.0592547051394563,0.250983335200948,1.34237128884316
350,51.5096537503812,-0.160900087498021,0.00116907161566913,0.250224867972494,1.55175606311436
350.5,51.509653688417,-0.160898061657515,-0.0698508631899391,0.243742877349819,1.82498812458716
351,51.5096532756141,-0.160896117709433,-0.121983395356894,0.20935296743932,2.09182516965361
351.5,51.5096526129129,-0.160894489793323,-0.193670145188807,0.180213532890477,2.41656925129774
352,51.5096515499298,-0.160893040640832,-0.217788882469222,0.12223350485973,2.62636940066641
352.5,51.5096503951143,-0.160892084264291,-0.232462451914672,0.0500432670553745,2.91387614444485
353,51.5096491697609,-0.160891703347125,-0.224018562910613,-0.00948020846032006,3.15540738492453
353.5,51.5096480012881,-0.160891804449447,-0.433092316981876,-0.00234920083597208,3.091059214233
354,51.50964581517,-0.160891826519894,-0.700430058612306,-0.0119213992921071,3.17638679405761
354.5,51.5096422837286,-0.160891951479039,-0.956476600528184,-0.013634377218772,3.13730235330058
355,51.5096374725328,-0.16089207215227,-1.21062292879783,-0.00268458850984002,3.10304073025104
355.5,51.5096314300949,-0.160892054164804,-1.29304384540991,-0.031607635999134,3.15945761169468
356,51.5096249264856,-0.160892291900745,-1.26696731899726,0.0110131697301022,3.10976633907033
356.5,51.5096185438639,-0.160892180351222,-1.2739394066034,0.0226001871614632,3.08935523706697
357,51.5096121457938,-0.160891955650049,-1.26972341439004,-0.00343023696015983,3.13180934137761
357.5,51.5096057686527,-0.160891971835644,-1.28808656111579,0.0329620189040669,3.10331266476581
358,51.5095992985609,-0.160891687497312,-1.25945428277042,0.0301669660804624,3.10595082417799
358.5,51.509592987558,-0.160891428620191,-1.30585570135125,-0.0206756210271775,3.18415836822565
359,51.5095864083315,-0.160891628864174,-1.28822876775356,0.0219443452414193,3.08551757045576
359.5,51.5095799364803,-0.160891403331617,-1.27555202539756,0.0173201946619964,3.11988775298476
360,51.5095735386194,-0.160891253762446,-1.27640162704222,0.0281537527570886,3.09993809683701
360.5,51.5095671190572,-0.160891015275636,-1.25350618281886,0.0264781953495385,3.11818470607922
361,51.5095608484998,-0.160890798293799,-1.25476044175438,-0.00863599225202769,3.14939128211678
361.5,51.5095545788089,-0.160890875514578,-1.2825714598147,0.0116968316778401,3.15571614065053
362,51.5095481501393,-0.160890799103899,-1.26210282368241,0.0575403479302536,3.0439933129934
362.5,51.5095418193744,-0.160890281784176,-1.28966735026078,0.0245666687465668,3.12997095116989
363,51.5095353485294,-0.160890094824273,-1.26060874942661,0.0139916588584439,3.12474839023183
363.5,51.5095290386293,-0.160889973553515,-1.27776922374077,0.0309114577330468,3.111507107777
364,51.5095226257308,-0.160889721526585,-1.26053184938156,0.0250959659077782,3.08110624204468
364.5,51.509516280081,-0.160889480526921,-1.25147549143145,0.0193941465719035,3.10446664679664
365,51.5095099988685,-0.160889303645463,-1.24259551896893,-0.0522117296395669,3.23093386238568
365.5,51.5095037829923,-0.160889766142692,-1.27280599903532,0.0241794671845459,3.1088869898333
366,51.5094973879395,-0.160889564110648,-1.27596155398898,0.00528989589354382,3.13036940285681
366.5,51.5094909828853,-0.160889509118231,-1.26991904397018,-0.0166327438516729,3.16762423066694
367,51.5094845838742,-0.16088964812025,-1.25914062733228,-0.00499587163852827,3.14174150749592
367.5,51.5094782598758,-0.160889681212818,-1.26212339132053,0.020676292852903,3.1160122912686
368,51.5094719342061,-0.160889493870494,-1.27313199406959,0.0290680452878417,3.12951696659684
368.5,51.5094655552712,-0.160889278336104,-1.2573205926523,0.0209916607262335,3.11335952345058
369,51.5094592534846,-0.160889097326552,-1.26460144453193,0.0656313884185904,3.05597209058984
369.5,51.5094529140994,-0.160888536176854,-1.27791575825314,0.0435180200431374,3.09235245783017
370,51.5094464760222,-0.160888164098954,-1.24210911696085,0.0386044793122287,3.11884311583158
370.5,51.509440255064,-0.160887858649097,-1.269914763188,0.0023751436191662,3.13739864660607
371,51.5094338958245,-0.160887841700251,-1.27160916279022,0.0148371686343507,3.13270430782079
371.5,51.5094275179259,-0.160887727099301,-1.27417124429216,0.0181673405145756,3.11069344924235
372,51.5094211058416,-0.16088756657855,-1.25509613220282,-0.0241790155564197,3.14083867659913
372.5,51.5094147892318,-0.160887738188522,-1.25017522144368,-0.00879156674528273,3.14076727692476
373,51.5094085103209,-0.160887807106673,-1.2340531436252,-0.00638774399163091,3.12747165887965
373.5,51.5094023479228,-0.160887843128306,-1.26435392924247,0.0203518025287731,3.11645561362525
374,51.5093959963934,-0.160887673065336,-1.24153758396689,-0.0376070449426168,3.19451489544362
374.5,51.509389770236,-0.160888001177121,-1.26289645041137,0.0361256237999014,3.10438757290954
375,51.5093834551575,-0.160887716361888,-1.29541305553597,0.0673965527300422,3.07025096953966
375.5,51.5093769497328,-0.160887142733613,-1.26426643867552,0.0462459010096928,3.06394404251865
376,51.5093705913632,-0.160886720194413,-1.25304445345214,0.0459157570642275,3.06358983492827
376.5,51.509364322793,-0.160886303706061,-1.25768542885789,0.0210161914881414,3.11259796299411
377,51.5093579920064,-0.160886131217483,-1.21783760750601,-0.000337671297165632,3.14584205385374
377.5,51.5093519087421,-0.160886143950245,-1.28353520792009,0.0145317423728633,3.11320314369493
378,51.5093454758807,-0.160886011600145,-1.26526022251157,0.0119302510201877,3.14682238085998
378.5,51.5093391364017,-0.160885937198914,-1.25967394612233,0.011364515832906,3.10477757545755
379,51.5093328297209,-0.160885813879678,-1.26664162566092,0.0406049471349814,3.08027629435212
379.5,51.5093264766795,-0.16088544294628,-1.24710123274976,-0.00797742610837688,3.15995404791113
380,51.5093202411997,-0.160885516427823,-1.26911932895183,-0.00217921103202376,3.13548551790912
380.5,51.509313875289,-0.160885523460806,-1.24079420402841,0.0170623252689552,3.12877391535708
381,51.5093076764197,-0.160885395695197,-1.25020329726952,0.00121544809034273,3.15160056526252
381.5,51.5093014213423,-0.160885398299999,-1.23563383882642,-0.00358906406141013,3.08449537823675
382,51.5092952320884,-0.160885367619505,-1.27297732483308,-0.0225605896809322,3.13678673766098
382.5,51.509288838746,-0.160885521138342,-1.27354689325016,-0.0503947184613847,3.14128760146268
383,51.5092824353576,-0.160885890404399,-1.25891751570502,-0.0366923466555614,3.17636220062312
383.5,51.5092761283728,-0.160886186421058,-1.27078234877489,-0.0637655927210698,3.18767742672724
384,51.5092697558702,-0.160886698170855,-1.27124327355963,0.00443323832038683,3.08548096392003
384.5,51.5092633581912,-0.160886604403114,-1.08730127121148,-0.0113030759322982,3.13021015203454
385,51.509257858996,-0.160886670900255,-0.802205012232863,-0.0132758490803244,3.1832906289188
385.5,51.5092537938823,-0.160886796930376,-0.557040513470304,-0.00792537595928898,3.1758393226685
386,51.5092509533403,-0.16088687291418,-0.282107754814966,-0.00331968859843061,3.1803523758497
386.5,51.5092495085191,-0.160886917337959,-0.221705691938456,0.0696171245254147,2.85243772734106
387,51.5092484096244,-0.16088637945615,-0.239616604732616,0.160744665746399,2.5982553089533
387.5,51.5092471926684,-0.160885093984971,-0.173654368991892,0.195702078990814,2.33438969042904
388,51.5092463158601,-0.160883519199157,-0.138495017463592,0.255906462757471,2.13949478900813
388.5,51.5092456154719,-0.160881466304409,-0.0649386012590763,0.244115768911626,1.76460705936017
389,51.5092452936696,-0.160879488195859,0.0122076609273405,0.240487234311168,1.49000750327142
389.5,51.5092453591443,-0.160877564261042,0.0773492250107487,0.242938107683311,1.32195223703959
390,51.5092457431132,-0.160875592753775,0.113941341929801,0.209303164364836,1.03312986372193
390.5,51.5092463193803,-0.160873924035547,0.169659403293771,0.178211393973162,0.748096064219749
391,51.5092471568312,-0.16087251614591,0.221359301660179,0.111877867630489,0.469703259974721
391.5,51.509248258154,-0.160871610150496,0.23181721450359,0.0514628568825103,0.218136801458248
392,51.5092494226187,-0.160871194217724,0.273788247856754,-0.00043703970934148,-0.0180502552704959
392.5,51.5092507936234,-0.16087119914138,0.476808756571865,-0.0149357733416779,-0.0554997776107416
393,51.5092531686316,-0.160871325097628,0.744211564526626,-0.0348565445360627,-0.0538336241556078
393.5,51.5092568813271,-0.160871608180264,0.988795118343918,-0.0292439749182924,-0.0406799527786372
394,51.5092618083299,-0.160871848263938,1.23484006006755,-0.0451523009991803,-0.0745602079301196
394.5,51.5092679583158,-0.16087224171527,1.27611630068692,-0.0328347267728875,-0.0394707431372114
395,51.509274352411,-0.160872521907923,1.28892154359192,-0.0398931725347853,-0.0592606888302408
395.5,51.5092808327684,-0.160872886142837,1.23403234923336,-0.021455985561352,-0.0677690425369963
396,51.509287003668,-0.160873105699431,1.23709511715903,-0.00784024948561172,0.0225523469963322
396.5,51.5092932033337,-0.160873138637186,1.24873404289288,-0.0459209151086707,-0.0360815158040482
397,51.5092994748829,-0.160873501658483,1.25793479892652,-0.0403755017514175,-0.0771632983892768
397.5,51.5093057818192,-0.160873880046139,1.27621458649244,-0.0524882450053787,-0.0386053614211141
398,51.5093121835918,-0.160874295700672,1.2586233472467,-0.0286613983819759,-0.00311564370739807
398.5,51.5093184953662,-0.160874515218228,1.23834572361478,-0.00714700514316292,0.0229489786189963
399,51.5093246778143,-0.160874543749888,1.28732466723185,-0.030427878916526,-0.0515610272364805
399.5,51.5093311426017,-0.160874822478991,1.28283797277444,-0.0315862905310337,-0.0586156375836357
400,51.5093375940056,-0.160875128286498,1.2885878981417,0.0221650177149388,0.0241977178212249
400.5,51.5093440459178,-0.160874947098999,1.27104404014121,0.00627615087212235,0.0162924244671471
401,51.5093503972224,-0.160874878962684,1.25179061411181,0.00337910252103947,-0.018678142044109
401.5,51.5093566750639,-0.160874880410862,1.29494379434863,-0.0198557575573532,-0.0434505322584795
402,51.5093631781319,-0.160875065590196,1.2671832193553,-0.0088407028015244,0.0117812948482225
402.5,51.5093695278741,-0.160875118176379,1.25773280529588,-0.0253750237472878,-0.031784798230905
403,51.5093758298299,-0.160875330604343,1.2815863805789,-0.0571494613365383,-0.0737866615471783
403.5,51.5093822720087,-0.160875812952332,1.27023232131474,-0.00864071480779698,0.0142985230319762
404,51.5093886382265,-0.160875866169111,1.26547241516437,-0.0452018540706575,-0.0512164585236043
404.5,51.5093949917413,-0.160876247490404,1.24919206176197,-0.0931824902549563,-0.150102825812224
405,51.5094012348703,-0.160877086099274,1.26042948026808,-0.071620475884951,-0.10505901380825
405.5,51.5094075423778,-0.160877705343323,1.24575273549164,-0.0328698500566862,-0.0377153296694993
406,51.5094137856298,-0.160877988322048,1.25104415313357,-0.0572773704801906,-0.073989292632726
406.5,51.509420060417,-0.160878474224713,1.2540292763283,-0.0120304322931319,-0.0103640252885671
407,51.5094263499184,-0.160878573628142,1.24899263048709,-0.0266997511610966,-0.0515321564537796
407.5,51.5094326148972,-0.160878823359902,1.26592306442601,-0.00763296756247557,-0.00564759653417387
408,51.5094389669389,-0.160878889161609,1.24212914201327,0.0155640379591167,0.0187713306135943
408.5,51.5094451774112,-0.160878756592807,1.26700188510633,-0.00513661117002652,-0.0333381216302309
409,51.5094515340811,-0.160878836672447,1.25168234226311,-0.0017100340761753,-0.0238680369326683
409.5,51.509457818437,-0.160878880786283,1.25501769561459,-0.0333413019179632,-0.076944669301646
410,51.509464133105,-0.160879207408465,1.24234847923412,0.00521285920925599,-0.0221563826811029
410.5,51.5094703578959,-0.16087919137517,1.2466906352574,0.00775832963363688,-0.0152612334352308
411,51.5094766185382,-0.160879147218374,1.27718517876602,-0.00436951180324823,-0.0194413512211507
411.5,51.5094830259607,-0.160879208063518,1.26553645922537,0.0118783508561538,0.0151894612726979
412,51.5094893721636,-0.160879106179496,1.25998611194928,-0.00121209256249139,-0.0569195833397428
412.5,51.50949568345,-0.160879178149813,1.24880183755787,0.0229153036994619,0.00447417143425856
413,51.5095019512755,-0.160879002471302,1.27363152346282,-0.000713870494958212,-0.0371221628553127
413.5,51.5095083547072,-0.160879043026642,1.24429205146924,0.00149944139870896,0.0245846323930915
414,51.5095145714139,-0.160879016059002,1.23807820316889,-0.0147851579994837,-0.0376452164075077
414.5,51.5095207916604,-0.160879168499708,1.27080167286902,-0.00510101758477404,-0.00776932404069359
415,51.5095271756892,-0.16087920791171,1.242317630476,-0.0371396140437882,-0.0745522916925911
415.5,51.5095333856738,-0.160879553454017,1.26234689753739,-0.00851184127534241,-0.0208521382596935
416,51.5095397052053,-0.160879635207621,1.26218464529537,-0.00773901529833509,-0.000298996518512638
416.5,51.5095460240702,-0.16087967978207,1.24024584559165,0.00764726222419749,0.00407200270218268
417,51.509552229952,-0.160879621024726,1.2680724743607,0.0148656049016302,0.0127876762866149
417.5,51.5095586035635,-0.160879499042853,1.27192518287628,-0.0451033510026544,-0.003959607655722
418,51.5095649736553,-0.160879831235478,1.25677205471267,-0.031642924622996,-0.0611263017586056
418.5,51.5095712882871,-0.16088013065812,1.27304365931771,-0.00215420873040069,0.00212391212816621
419,51.50957767342,-0.160880135509738,1.25548642260736,-0.0437207568237192,-0.0305637557109362
419.5,51.5095839523385,-0.160880479426904,1.26095944052605,-0.0180397678909585,-0.0245161836079682
420,51.5095902765503,-0.160880635848449,1.25094057202467,-0.0144389419123087,-0.0261496146878077
420.5,51.5095965515601,-0.160880763961902,1.27524369392045,0.0124624525748123,0.011233984395924
421,51.5096029622517,-0.160880668217895,1.24676242284833,-0.0150198414791565,-0.0370799628883945
421.5,51.5096092121027,-0.160880819730997,1.21562573360885,0.0252568941984479,0.0164779110612794
422,51.5096152984436,-0.160880622921436,1.26915693794331,-0.0107747509916202,-0.0219054460270905
422.5,51.5096216708534,-0.160880723556661,1.25497282105379,-0.0127010282408384,-0.0441631528624248
423,51.5096279031595,-0.160880885828711,1.30384349273772,-0.0419971546056628,-0.0165165213920656
423.5,51.5096343700804,-0.160881230361363,1.03290176963799,-0.00132652178038356,0.0226581189580984
424,51.5096395173943,-0.160881240042291,0.794156105023779,-0.00493047038499913,-0.0166893052146118
424.5,51.5096434823122,-0.160881306639693,0.547502410521099,0.0030359719042017,-0.00191686608566174
425,51.5096461950352,-0.160881314754097,0.290220138105385,-0.013716449388956,-0.0594770072415682
425.5,51.5096476471892,-0.160881461606242,0.17073906449532,-0.0154052112382942,-0.0851606166716272
426,51.5096484842515,-0.160881613980493,-0.00112346815351592,0.0138663875310688,-0.0524894818530728
