0,51.5092530654808,-0.161026458766525,0,-0,-0.044381843001676
0.5,51.5092530654808,-0.161026458766525,0.0199299187075074,-0.00167282405295493,-0.0837390345116098
1,51.5092531841465,-0.161026474769794,0.199998133364611,-0.000864089504251401,-0.00432046096247425
1.5,51.5092543749655,-0.161026483036209,0.469975493448064,-0.00479953729531541,-0.0102119589693043
2,51.5092571732704,-0.161026528951555,0.719734235049622,-0.0195609533902436,-0.0271713340447632
2.5,51.5092614586765,-0.161026716083768,0.909967628546022,-0.00767561061601742,-0.0084348369584748
3,51.5092668767608,-0.161026789513457,1.15991749396741,-0.0138349986760762,-0.0119270057709257
3.5,51.5092737830843,-0.161026921867717,1.22999765502702,0.00240179683281615,0.0019526815928007
4,51.5092811066756,-0.161026898890704,1.30619158393056,-0.099817563930336,-0.0762705389498436
4.5,51.5092888839371,-0.16102785380805,1.26957791524545,-0.0327401454029886,-0.0257824983857232
5,51.5092964431952,-0.161028167021049,1.21970808356821,-0.0266869046233063,-0.0218762568335052
5.5,51.5093037055209,-0.161028422325032,1.31997533576132,-0.00806926153972146,-0.00611311499865647
6,51.5093115648529,-0.161028499521013,1.36837416987931,-0.0667242924811251,-0.0487231385057194
6.5,51.5093197123588,-0.16102913784814,1.35934743986944,0.0421252622589993,0.0309794125865848
7,51.5093278061182,-0.161028734851656,1.26943430071012,-0.0379019284548719,-0.0298484701113992
7.5,51.5093353645213,-0.161029097445966,1.30996958169048,0.00892720816793832,0.00681471546978634
8,51.5093431642775,-0.161029012043057,1.30778119177768,-0.0762125608581292,-0.0582103956409094
8.5,51.5093509510037,-0.161029741141529,1.31715982385427,-0.0865447769896547,-0.0656112892251316
9,51.5093587935717,-0.16103056908485,1.26854754579727,-0.0607216934195281,-0.0478305924676907
9.5,51.5093663466949,-0.161031149988231,1.32257470854206,0.140342938279376,0.105717817795579
10,51.509374221504,-0.161029807378169,1.27892150688245,0.0525336009953096,0.0410534065859173
10.5,51.5093818363953,-0.161029304808407,1.2699645247728,0.00949240847200844,0.00747440697448943
11,51.5093893979554,-0.161029213998361,1.2299524554033,0.0108146866527117,0.00879254146261523
11.5,51.5093967212776,-0.1610291105385,1.28975256151616,-0.0252651946856717,-0.0195866745777917
12,51.5094044006586,-0.16102935224222,1.25974236438896,-0.0254789199872648,-0.0202227434210788
12.5,51.5094119013544,-0.161029595990644,1.29992949938854,-0.0135387081902676,-0.0104145791814507
13,51.5094196413305,-0.161029725511303,1.27904724256293,-0.0493776395968436,-0.0385858550977981
13.5,51.5094272569704,-0.161030197890678,1.28834239885396,-0.0653747911295473,-0.0506998503152604
14,51.5094349279551,-0.161030823309469,1.24880085356696,-0.0547396394803893,-0.0438057203399262
14.5,51.5094423635035,-0.161031346985586,1.2599746403775,0.00799409817244746,0.00634456492416129
15,51.5094498655823,-0.161031270509576,1.19696726434394,-0.0852605893070493,-0.0711104064843545
15.5,51.5094569925057,-0.161032086169481,1.2329669561639,-0.131880571002475,-0.106556832159441
16,51.5094643337766,-0.161033347827304,1.29734822004493,-0.0829915414139417,-0.0638830900481274
16.5,51.5094720583833,-0.161034141780676,1.28975549716594,-0.0251148866258639,-0.0194701344808287
17,51.5094797377818,-0.161034382047697,1.3085414329266,-0.061800633608438,-0.0471935727550645
17.5,51.5094875290346,-0.161034973275158,1.34755234921926,-0.0812567911847408,-0.0602266185456698
18,51.5094955525642,-0.161035750633489,1.29851800420168,-0.0620563676352465,-0.0477538151895491
18.5,51.5095032841359,-0.1610363443079,1.33933645348207,-0.0421647290288663,-0.0314714105773557
19,51.5095112587469,-0.161036747685779,1.25880547582156,-0.0548522929481046,-0.0435473281664386
19.5,51.5095187538643,-0.161037272441473,1.33948873171741,0.0370126681298487,0.0276249075840524
20,51.509526729382,-0.161036918355176,1.27999999073786,-0.000153984013582236,-0.000120300010901287
20.5,51.5095343506948,-0.161036919830041,1.23962640688274,-0.0304363493047123,-0.0245479083408478
21,51.5095417316171,-0.161037211006513,1.24893851768342,-0.0515031945294673,-0.0412142224623804
21.5,51.5095491679851,-0.161037703722866,1.25834108667298,0.0646352039577738,0.0513203056315547
22,51.5095566603376,-0.161037085380279,1.24888795878093,-0.0527149543489667,-0.0421844737875672
22.5,51.5095640964046,-0.161037589689296,1.20791009254551,-0.0710859221414952,-0.0587825428789555
23,51.5095712884832,-0.161038269747677,1.23989664141049,0.0160099537475202,0.0129116117677305
23.5,51.5095786710146,-0.161038116587382,1.21999307842822,0.0041095726343334,0.00336850852961273
24,51.5095859350371,-0.161038077274241,1.27711753353341,-0.0858533956320119,-0.0671233585387273
24.5,51.5095935391872,-0.161038898608972,1.25983023200586,-0.0206830008476769,-0.0164158173144027
25,51.5096010404062,-0.161039096478903,1.29998800087348,0.00558547983460954,0.00429653616885678
25.5,51.5096087807306,-0.16103904304648,1.31956036868931,-0.0340651344417148,-0.0258097854461889
26,51.5096166375918,-0.161039368939385,1.29972383197188,-0.0267947868874509,-0.0206128341919874
26.5,51.5096243763432,-0.161039625279162,1.26504737270914,-0.112049742532918,-0.088343010881992
27,51.5096319086257,-0.161040697227354,1.28918167311203,-0.0459414160867694,-0.0356210333701913
27.5,51.5096395846075,-0.161041136737467,1.26872476722063,0.056898726180369,0.0448171482058645
28,51.509647138786,-0.161040592406805,1.30949804341594,-0.03626119537237,-0.0276838378007054
28.5,51.5096549357346,-0.161040939309294,1.28995438172613,-0.0108486434889061,-0.00840990028753414
29,51.5096626163173,-0.161041043097498,1.29463306246589,-0.118005226876585,-0.0908983745971683
29.5,51.5096703247574,-0.161042172021251,1.2875467007681,-0.0795203957558911,-0.0616828250360836
30,51.5096779910043,-0.161042932772253,1.2968654728682,-0.090221645309375,-0.0694570990015812
30.5,51.5096857127366,-0.161043795899272,1.32912935199292,-0.0481161684976267,-0.0361854665845561
31,51.5096936265729,-0.161044256215746,1.27993241208431,0.0131537255572131,0.0102765289695984
31.5,51.5097012474833,-0.161044130380815,1.25960448324084,-0.0315681136523408,-0.0250566802913793
32,51.5097087473581,-0.161044432386834,1.27900048449162,0.0505743084005152,0.0395214660355625
32.5,51.5097163627197,-0.161043948559821,1.16913649521626,-0.0449428031329502,-0.0384221050436097
33,51.5097233239344,-0.161044378517568,0.876195370234313,-0.0817415021880263,-0.093022168025489
33.5,51.5097285409336,-0.16104516051752,0.679112570229088,-0.0347291945895939,-0.0510945738043598
34,51.509732584472,-0.161045492763621,0.409999936508512,0.000228173215310258,0.000556520066069155
35,51.5097374668748,-0.161045488399922,0.173981670229031,0.0461560226223695,0.25931896600963
36,51.5097395387011,-0.161044605277269,0.256081979017946,0.136095628226083,0.488492536936343
36.5,51.509741063452,-0.161043303289022,0.173709371091493,0.165605115847904,0.761518502949756
37,51.509742097744,-0.16104171899149,0.143763083037694,0.251857451657673,1.05211565306362
37.5,51.5097429537313,-0.161039309541798,0.0675552127287462,0.271728344552374,1.32712345300905
38,51.5097433559655,-0.161036709992621,0.0108737006420371,0.309809235876446,1.53571267636206
38.5,51.5097434207093,-0.161033746134074,-0.0625996532702162,0.24203570689146,1.82388828965105
39,51.5097430479817,-0.161031430645923,-0.126122140825406,0.261138288256656,2.02072791720968
39.5,51.5097422970315,-0.161028932408724,-0.145996466846977,0.190486303098673,2.22473675694227
40,51.5097414277466,-0.161027110079416,-0.193776054432357,0.141600991269934,2.51052869727732
40.5,51.5097402739748,-0.161025755422299,-0.241729712954208,0.0637710426061557,2.88365790123881
41,51.5097388346797,-0.161025145342602,-0.239853231697125,0.00839209416325996,3.10661846497675
41.5,51.5097374065574,-0.161025065057829,-0.359825031788206,0.0112225887662463,3.11041374452175
42,51.5097352641049,-0.161024957694537,-0.679468080663912,0.0268910274794226,3.10203671040021
42.5,51.5097312184496,-0.161024700435779,-0.866427945216149,-0.0787566870082894,3.23224167773678
43,51.5097260596071,-0.161025453878952,-1.11942951889948,-0.0357428624550863,3.17351134317099
43.5,51.5097193943552,-0.161025795820916,-1.27533777587859,0.10914924377677,3.05621612427119
44,51.5097118008019,-0.161024751621375,-1.3274809947089,0.0818181439942143,3.0800363848838
44.5,51.5097038967801,-0.161023968890984,-1.28966327597015,-0.0294726078577469,3.16444162452124
45,51.5096962179307,-0.161024250847331,-1.33903543782349,0.0508340068541568,3.10364772260363
45.5,51.5096882451119,-0.161023764533539,-1.32995863880521,-0.0104889974439826,3.14947919958718
46,51.5096803263379,-0.161023864879182,-1.26769119020184,0.0765444072721708,3.08128491663619
46.5,51.5096727783135,-0.161023132601749,-1.23999913941239,0.00146090948796427,3.14041450050436
47,51.5096653951719,-0.161023118626198,-1.3198942540953,-0.0167080222111029,3.15425058418696
47.5,51.5096575363226,-0.161023278467462,-1.27916998194984,0.0460885807814571,3.10557816496676
48,51.5096499199519,-0.1610228375523,-1.23652726457096,0.0927379316820533,3.06673410317161
48.5,51.5096425574822,-0.161021950356919,-1.21850733747222,0.0603313229289274,3.09212057164042
49,51.509635302306,-0.161021373186065,-1.22922667421001,0.0436094417597816,3.10613039063275
49.5,51.5096279833052,-0.161020955988571,-1.31927547622113,-0.0437289131068576,3.17472668050634
50,51.5096201281403,-0.161021374330704,-1.29978427011909,-0.0236822961508135,3.15981081223008
50.5,51.5096123890289,-0.161021600892839,-1.28397209430254,0.124561876400252,3.04488237673305
51,51.5096047440656,-0.161020409248547,-1.29889286626647,-0.0536406745117468,3.18286642838943
51.5,51.5095970102618,-0.161020922413299,-1.27690547905317,0.0889516585791638,3.07204311375819
52,51.5095894073742,-0.161020071441389,-1.27375342605381,0.126302057054381,3.04275834419462
52.5,51.5095818232544,-0.16101886315018,-1.27997168552606,0.00851376835295063,3.13494122301925
53,51.5095742021101,-0.161018781702906,-1.21881996543589,-0.0536459863815482,3.18557895628103
53.5,51.5095669450725,-0.161019294918332,-1.2567092571817,0.0910046312767734,3.06930381251585
54,51.5095594624362,-0.161018424307095,-1.27986473359369,-0.0186081622721291,3.15613079248355
54.5,51.5095518419288,-0.16101860232679,-1.20815251251206,-0.0668394083666615,3.19685996520516
55,51.5095446484068,-0.16101924175922,-1.30970332735147,-0.0278782051875534,3.16287533288924
55.5,51.5095368502359,-0.161019508462261,-1.2599759314595,-0.00778794855915305,3.14777360450094
56,51.5095293481494,-0.161019582968187,-1.26594205645228,0.101443135328983,3.06163098558624
56.5,51.5095218105396,-0.16101861249586,-1.32925761458864,0.0444319036068332,3.10817899004091
57,51.5095138959395,-0.161018187431733,-1.2475848424323,0.0776663436320659,3.07941953142094
57.5,51.5095064676314,-0.161017444424696,-1.30775096011821,0.0767295660739711,3.0829869233255
58,51.5094986810851,-0.161016710379819,-1.30921222130407,0.0454242180787158,3.10691072559599
58.5,51.5094908858383,-0.161016275823069,-1.33998132401159,-0.00707469435020452,3.14687230076724
59,51.5094829073876,-0.161016343506093,-1.31731413916803,0.183257902279791,3.00336499412261
59.5,51.5094750639006,-0.161014590340916,-1.28568821736173,0.105384096225309,3.05980841504286
60,51.5094674087192,-0.161013582168758,-1.30992272138361,0.0142289846073537,3.13073061968946
60.5,51.509459609242,-0.161013446047083,-1.31614528554947,0.100804698927687,3.06515103368951
61,51.5094517727146,-0.161012481685052,-1.28999972176871,-0.000847252409813181,3.14224943845082
61.5,51.5094440918619,-0.161012489792782,-1.33962142275941,0.0318503325579587,3.1178215100432
62,51.5094361155541,-0.161012185094034,-1.33655930249265,0.0959647379007725,3.06991581919939
62.5,51.5094281574786,-0.161011267034995,-1.27998931804238,-0.00522931137038705,3.14567806446255
63,51.5094205362294,-0.161011317064545,-1.28993818477026,0.0126285181873998,3.13180294823656
63.5,51.5094128557431,-0.161011196254462,-1.29924371040035,0.0443371287426162,3.10748055465282
64,51.5094051198503,-0.161010772099257,-1.2856641225005,-0.105677642455759,3.22360521263923
64.5,51.5093974648125,-0.161011783082751,-1.32999083560243,-0.00493732858566436,3.14530493924841
65,51.5093895458468,-0.16101183031898,-1.28942788346891,-0.0384152747340121,3.17137633949288
65.5,51.5093818683989,-0.161012197826749,-1.22951890146188,-0.0343987056148626,3.16956272772456
66,51.5093745476582,-0.1610125269092,-1.28997994688174,0.00719281884756089,3.13601679613343
66.5,51.5093668669233,-0.161012458100425,-1.28946533551371,0.0371368887835968,3.11280038977141
67,51.5093591892524,-0.161012102827523,-1.25950367220452,0.0353624052253546,3.11352356694698
67.5,51.5093516899778,-0.161011764530525,-1.29934966710766,0.0411149922439994,3.10996046157106
68,51.5093439534541,-0.161011371200804,-1.26945228666026,0.0372946630638183,3.11222255488931
68.5,51.5093363949439,-0.161011014418854,-1.22605240408629,0.0984657424398044,3.06145345244005
69,51.509329094843,-0.161010072435597,-1.31998149994337,-0.00698854829339111,3.14688703309146
69.5,51.5093212354743,-0.161010139295297,-1.27993970500128,0.0124238303766222,3.13188638370145
70,51.5093136145205,-0.161010020443827,-1.27669528308006,0.0919192806821873,3.06971885006665
70.5,51.5093060128843,-0.161009141088888,-1.25999993694029,-0.000398635755549274,3.14190903117884
71,51.5092985106549,-0.161009144905339,-1.31992161926888,0.0143846788843985,3.1306949538862
71.5,51.5092906516428,-0.161009007295482,-1.30869059777524,0.0585569747740169,3.0968777736947
72,51.5092828595017,-0.161008447105882,-1.28671272459696,0.0920345824148467,3.07018735228843
72.5,51.5092751982202,-0.161007566648776,-1.20932361542658,-0.0404523568111385,3.17503058421702
73,51.5092679977253,-0.16100795364414,-0.948872525419179,0.0462701902376623,3.09286791289948
73.5,51.5092623479952,-0.161007510997102,-0.617339548550035,0.0573749230591109,3.04891986259967
74,51.5092586722625,-0.161006962114582,-0.469488694189891,0.021917254113394,3.09494328042238
74.5,51.509255876856,-0.161006752441765,-0.248138847932362,0.0776344778226799,2.83837339473488
75,51.5092543993998,-0.161006009742976,-0.2428785025318,0.158461455906194,2.56351039201658
75.5,51.5092529532643,-0.161004493803388,-0.152721352059809,0.158354629313525,2.33808746191938
76,51.5092520439381,-0.161002978885587,-0.0934207101241465,0.176840523975417,2.05680848400841
76.5,51.5092514876968,-0.161001287120164,-0.0639394790416108,0.333933740463415,1.75998009726533
77,51.5092511069908,-0.160998092503926,0.00738179642585486,0.249890994398612,1.54126484883801
77.5,51.5092511509425,-0.160995701892274,0.0661993432667905,0.251431197250949,1.31334897979812
78,51.5092515451027,-0.16099329654583,0.140521752985765,0.242185129472905,1.04504453834201
78.5,51.5092523817897,-0.160990979652598,0.139242678407203,0.12927287615733,0.748285882738537
79,51.5092532108612,-0.160989742947704,0.23084873223622,0.119619659023632,0.478080356404518
79.5,51.509254585369,-0.160988598590956,0.280249659625219,0.0745662677083219,0.260046057435111
80,51.5092562540175,-0.160987885242509,0.279967116275319,0.00429113090947662,0.0153260675125719
80.5,51.5092579209838,-0.160987844189482,0.369998209846863,0.00115096051903532,0.00311070912230041
81,51.5092601240089,-0.160987833176813,0.679477019846907,-0.0266641988434919,-0.0392221127298583
81.5,51.5092641697175,-0.160988088259654,0.899163830190939,-0.0387866791097073,-0.0431096616888504
82,51.5092695234745,-0.160988459312628,1.13992641283544,-0.012952734079139,-0.0113622919180878
82.5,51.5092763107682,-0.160988583220892,1.25981091626033,-0.0218278553986791,-0.0173245613813929
83,51.5092838118722,-0.160988792033554,1.33999243965693,0.00450129561991779,0.00335918215331652
83.5,51.509291790389,-0.160988748964745,1.26989118686642,-0.0166244855255274,-0.0130905199488752
84,51.5092993515125,-0.160988907998754,1.29587819872878,-0.103439325497854,-0.0796529126717388
84.5,51.5093070673668,-0.160989897558097,1.23908631510419,-0.0475931058191038,-0.0383909667815031
85,51.5093144450735,-0.16099035285786,1.25977469100868,0.023827041234203,0.0189114774283888
85.5,51.5093219459617,-0.160990124907366,1.33987151582592,-0.018555890664472,-0.013848122206302
86,51.5093299237586,-0.160990302418424,1.30995349739523,-0.0110378739801339,-0.00842595770236895
86.5,51.5093377234191,-0.160990408007556,1.2788774284287,-0.0535959238711491,-0.0418840604735952
87,51.5093453380481,-0.160990920734307,1.24967166646778,-0.028648316314209,-0.0229206599188398
87.5,51.5093527787816,-0.160991194796606,1.28937023561062,0.0403037904100156,0.0312483335809594
88,51.5093604558861,-0.160990809218782,1.28553618779079,-0.107222711588212,-0.0832143860251831
88.5,51.5093681101625,-0.160991834974123,1.29904077334028,-0.0499306438921472,-0.038417637105443
89,51.5093758448471,-0.160992312636937,1.28975231934784,0.0252775540128996,0.0195962572905979
89.5,51.5093835242266,-0.160992070809781,1.30982599555329,0.0213509103514973,0.0162991265140198
90,51.5093913231279,-0.160991866547268,1.28919052320639,-0.0456923940590455,-0.0354278711670732
90.5,51.5093989991625,-0.160992303664527,1.27954804396786,-0.0340118093907829,-0.0265748539376658
91,51.5094066177845,-0.160992629037906,1.30982497545794,0.0214133992303222,0.0163468343037251
91.5,51.5094144166796,-0.160992424177575,1.30993669295779,0.0128786817187357,0.0098312131153272
92,51.50942221624,-0.160992300965861,1.29743584298643,-0.081610252628496,-0.0628184244563738
92.5,51.5094299413687,-0.160993081697225,1.28956095193721,-0.0336533986216126,-0.026090865960964
93,51.5094376196089,-0.160993403642119,1.26738435410174,-0.0814671650305487,-0.0641914488862499
93.5,51.5094451658065,-0.16099418300519,1.32967983855997,-0.0291809343086995,-0.021942312812359
94,51.5094530829206,-0.160994462163663,1.25847775081798,-0.0619172891534669,-0.0491605047692202
94.5,51.5094605760869,-0.160995054500162,1.36975733876332,-0.0257843538608419,-0.0188218075327379
95,51.5094687318285,-0.160995301164775,1.32814491046979,0.0702217686560477,0.0528228837748663
95.5,51.5094766398032,-0.160994629371223,1.31999868889938,0.00186045798440574,0.00140943833361939
96,51.5094844992742,-0.160994611567351,1.27999890035392,0.00167782381474433,0.00131080023063787
96.5,51.5094921205805,-0.160994595510839,1.27748825953083,-0.0801482798373247,-0.062656832763605
97,51.5094997269382,-0.16099536225766,1.24894075980781,-0.0514487948420271,-0.0411706657637667
97.5,51.5095071633198,-0.160995854446305,1.31995909538764,-0.0103916554723061,-0.00787254758613404
98,51.5095150225551,-0.160995953854597,1.31860091497496,0.0607587609090564,0.0460456335951633
98.5,51.5095228737034,-0.160995372590033,1.26972233210941,0.0265555896686629,0.0209114371457396
99,51.5095304338214,-0.160995118536141,1.26990042448351,0.015903203972481,0.0125225351343477
99.5,51.5095379949998,-0.160994966390108,1.23995570846661,0.0104805076727613,0.00845212295071543
100,51.5095453778828,-0.160994866121347,1.3097745591082,0.0243023520037634,0.0185524780016445
100.5,51.5095531764778,-0.160994633623085,1.28987263841939,-0.0181266835633395,-0.0140521551437955
101,51.5095608565738,-0.160994807029952,1.28825167268176,-0.0671388697599966,-0.0520691605797671
101.5,51.5095685270185,-0.160995449321001,1.18998203902213,-0.00653810406323697,-0.00549423273714365
102,51.5095756123509,-0.160995511864167,1.33971030988088,-0.0278619022840287,-0.0207939628717636
102.5,51.5095835891879,-0.160995778404863,1.26998742776717,0.00565095685010211,0.0044495870056659
103,51.5095911508844,-0.160995724338823,1.23992893741074,0.013275171241106,0.0107059877745797
103.5,51.509598533608,-0.160995597334385,1.33687877668049,-0.0914064355572092,-0.0682667700527495
104,51.5096064935859,-0.160996471786243,1.30999973593208,-0.00083177994675723,-0.000634946566906033
104.5,51.5096142935217,-0.160996479738494,1.19701140197819,-0.0846386645346631,-0.0705908322983819
105,51.5096214207081,-0.160997289446136,1.23837692713077,-0.0634238626240527,-0.0511706045004591
105.5,51.509628794191,-0.160997896198295,1.20754509737801,-0.0770378984548474,-0.0637107769373884
106,51.5096359840966,-0.16099863319214,1.27962612212913,-0.0309352156089691,-0.0241704905766787
106.5,51.5096436031833,-0.160998929135419,1.21833204970046,-0.0637731657727496,-0.0522969218409096
107,51.509650857316,-0.160999539229888,1.29905611889815,-0.0495297885446815,-0.0381090609738272
107.5,51.509658592092,-0.16100001306211,1.3187150962181,-0.0582279572584964,-0.0441264074857531
108,51.5096664439204,-0.16100057010724,1.24999032260918,0.00491867699715312,0.00393495175241199
108.5,51.5096738865511,-0.161000523047471,1.30705588469319,-0.0877776411673375,-0.0670560747870644
109,51.5096816689589,-0.161001362786117,1.22856897783977,-0.0593149786289477,-0.0482422701898624
109.5,51.5096889840438,-0.161001930231269,1.27408391763023,-0.122923434852813,-0.096182161894831
110,51.5096965701316,-0.161003106200196,1.31518668982123,-0.112623136686359,-0.0854244152293673
110.5,51.5097044009515,-0.1610041836294,1.34957800733451,-0.0337520683662706,-0.025004137501567
111,51.5097124365423,-0.161004506521878,1.30979437868182,-0.0232096008907643,-0.0177181796299922
111.5,51.5097202352554,-0.161004728557786,1.16992449763285,-0.0132917206755507,-0.0113606893986565
112,51.5097272011621,-0.161004855712603,0.938745649321877,-0.0485448852017127,-0.0516664784590917
112.5,51.5097327905952,-0.161005320125223,0.63604949620846,-0.0710002702316272,-0.111166748094706
113,51.5097365777298,-0.161005999363149,0.389346325697136,-0.02257074801906,-0.0579060683737299
113.5,51.5097388959565,-0.161006215290139,0.293989221136945,0.0597523041839604,0.200515314874357
114,51.5097406464125,-0.161005643655765,0.219236455354047,0.120147312262044,0.501326522026546
114.5,51.5097419517792,-0.161004494239375,0.1537989060713,0.157308284878043,0.796677973282936
115,51.5097428675208,-0.16100298931446,0.0998548565002064,0.207193165025594,1.12170010734446
115.5,51.5097434620712,-0.161001007154923,0.106309052612686,0.34394532317302,1.27102375984969
116,51.5097440950506,-0.160997716725531,0.001481735165925,0.259995777775136,1.56509731453809
116.5,51.5097441038724,-0.160995229418389,-0.058627591034134,0.253303781198652,1.79824304121405
117,51.5097437547942,-0.160992806131975,-0.110349676190851,0.213126603136667,2.04855538920771
117.5,51.509743097755,-0.160990767209699,-0.14255247195024,0.154203737765581,2.31695256663923
118,51.5097422489757,-0.160989291986246,-0.232105809126167,0.137938005531063,2.60538275714358
118.5,51.5097408669823,-0.160987972373015,-0.2377821753854,0.077198685668778,2.82766706862822
119,51.5097394511912,-0.160987233835979,-0.259979727294144,0.00324675161702943,3.12910482280194
119.5,51.5097379032327,-0.160987202776548,-0.409818818023935,0.0121875507574171,3.11186254058851
120,51.5097354631097,-0.160987086183772,-0.628829460258216,0.0383863245357108,3.08062421526653
120.5,51.5097317189642,-0.16098671895584,-0.916632504053748,0.0786438332748096,3.05600577544441
121,51.509726261196,-0.160985966597262,-1.22896229227726,0.0505141976144099,3.10051264700946
121.5,51.5097189437692,-0.160985483348784,-1.30964559042881,0.0304701078169168,3.11833093150928
122,51.509711145942,-0.16098519185698,-1.30957193722812,0.0334864334406997,3.11602770601655
122.5,51.5097033485533,-0.160984871508954,-1.24999978625652,-0.000730998403370751,3.14217745234582
123,51.5096959058662,-0.160984878508998,-1.2295867671594,0.0318807469563968,3.11567044409999
123.5,51.5096885847213,-0.160984573521832,-1.30994015632427,0.0125214555521093,3.13203414502125
124,51.5096807851402,-0.160984453739894,-1.27959044044122,-0.0323775343631951,3.16689030051785
124.5,51.5096731662661,-0.160984763493282,-1.32962806352958,0.0314517515342507,3.11794251546557
125,51.5096652494602,-0.160984462610908,-1.29901146079697,-0.0506875203391599,3.18059293981649
125.5,51.5096575149505,-0.160984947530495,-1.28999866617388,0.00185506593184136,3.14015461748808
126,51.5096498341041,-0.160984929790631,-1.30998210208951,-0.00684778834085265,3.14681999674022
126.5,51.5096420342733,-0.160984995308477,-1.30924533493727,-0.044459565281268,3.17553777166166
127,51.5096342388295,-0.160985420646814,-1.2892986966595,0.0425308216723547,3.10861704848454
127.5,51.5096265621507,-0.160985013774263,-1.27890313474785,0.168839485702058,3.01033273945035
128,51.5096189473682,-0.160983398545328,-1.2984254734647,0.0639631914304383,3.09237032476572
128.5,51.5096112163471,-0.160982786636396,-1.31373112068376,0.128493356042196,3.04409480912539
129,51.5096033941937,-0.160981557387568,-1.26999615671338,-0.00312440926164273,3.1440528208444
129.5,51.5095958324452,-0.160981587285276,-1.29793463837911,0.0732507644717462,3.08521605261017
130,51.5095881043466,-0.16098088652564,-1.3490276263261,0.0512295169699455,3.10363574964496
130.5,51.5095800720327,-0.16098039643693,-1.29969663846872,-0.0280828765106449,3.16319654677544
131,51.5095723334433,-0.160980665104793,-1.24999502630728,-0.00352621710503849,3.14441363101534
131.5,51.5095648907846,-0.160980698846477,-1.29989913797081,0.0161935512701298,3.12913575352695
132,51.5095571509892,-0.160980543935696,-1.27989639924122,0.0162851837372932,3.12886951053087
132.5,51.5095495302932,-0.160980388148227,-1.25916001172704,-0.046000705076818,3.1781092647324
133,51.509542033065,-0.16098082822978,-1.2597697267622,-0.0240880786589883,3.16071134103759
133.5,51.5095345322064,-0.160981058680167,-1.28998174437777,-0.00686288365758619,3.14691274353667
134,51.5095268514608,-0.160981124342803,-1.35990462364668,0.0161063522994165,3.12974947063314
134.5,51.5095187543837,-0.160980970266639,-1.28994692237323,0.0117020280220424,3.132521189621
135,51.5095110738454,-0.16098085832484,-1.26930097164441,0.0421312637189793,3.10841234230723
135.5,51.509503516236,-0.160980455276476,-1.31508402954346,0.11381561948931,3.05526150072884
136,51.5094956860272,-0.160979366448012,-1.27983673462182,0.0204434026658964,3.12562056616564
136.5,51.5094880656864,-0.160979170880653,-1.28986022025608,-0.0189897920193823,3.15631395431658
137,51.5094803856644,-0.160979352557619,-1.25989943993573,0.0159185818979059,3.12895852232272
137.5,51.5094728840333,-0.160979200277646,-1.26849499666225,0.0618097358256826,3.09290433617564
138,51.5094653312228,-0.160978608972585,-1.31999280612556,0.00435795557281258,3.13829116609764
138.5,51.5094574717867,-0.160978567289755,-1.30833316887924,0.066062994258509,3.09114148730861
139,51.5094496817737,-0.160977935295776,-1.31963635487652,0.0309821059359083,3.11811920561772
139.5,51.5094418244599,-0.160977638908939,-1.26940058307217,0.0390148650648281,3.11086745333279
140,51.5094342662575,-0.160977265675237,-1.26999555940481,0.00335843595497489,3.13894821274785
140.5,51.5094267045126,-0.160977233554405,-1.30830210023656,0.0666754416303598,3.09067336905927
141,51.5094189146845,-0.160976595702008,-1.33956951489353,0.0339634328053001,3.11624409368255
141.5,51.5094109386857,-0.160976270794419,-1.26977502365873,-0.0239037505940897,3.16041561593979
142,51.509403378254,-0.160976499481556,-1.2773708085945,0.0819988862767982,3.0774871255624
142.5,51.5093957725955,-0.160975715035405,-1.30904477176008,0.0500178520889925,3.1034018039667
143,51.5093879783455,-0.160975236540977,-1.24648257445521,0.0937080123549099,3.06655584745912
143.5,51.5093805566001,-0.160974340078039,-1.20906824817143,0.0474760072423528,3.10234620963647
144,51.5093733576254,-0.160973885900242,-1.28997862909161,-0.00742539473187831,3.14734880532363
144.5,51.5093656768983,-0.160973956945197,-1.30840887977574,-0.0645461333000267,3.19088446922779
145,51.5093578864351,-0.160974574443806,-1.21999813293414,0.00213439387580915,3.13984314952043
145.5,51.5093506223824,-0.160974554033104,-1.31770545395536,0.0777967648189149,3.08262153690127
146,51.5093427765653,-0.160973809788634,-1.2576867820914,0.0763148619377852,3.08098821066335
146.5,51.5093352881084,-0.160973079720826,-1.30957494388621,0.0333686431464082,3.11611765155956
147,51.5093274907018,-0.160972760504372,-1.25973130463051,-0.0260199948868965,3.16224491123677
147.5,51.5093199900719,-0.160973009436934,-1.23997959695615,-0.00711330671861132,3.14732922272943
148,51.5093126070466,-0.160973077495974,-1.26995598237346,0.0105736859167271,3.13326682045739
148.5,51.5093050455374,-0.160972976350302,-1.2999970959056,-0.00274784224706963,3.1437063799692
149,51.5092973051588,-0.160973002646972,-1.27998522887897,0.00614929684099679,3.13678849695286
149.5,51.5092896839339,-0.160972943827891,-1.29911277264774,0.0480208698745064,3.10464511718463
150,51.5092819488206,-0.16097248443936,-1.23986726676656,0.0181427892239414,3.12696084987681
150.5,51.509274566464,-0.160972310882887,-1.19997892390247,0.00711211571048419,3.13566585579941
151,51.5092674216087,-0.160972242852462,-0.879776350909784,0.0198386587214278,3.11904681320858
151.5,51.5092621832877,-0.160972053069785,-0.629644676071807,0.0211561313672606,3.10800517793669
152,51.5092584342884,-0.160971850681607,-0.34964665726021,0.015723074341918,3.09665446056223
152.5,51.5092563524394,-0.160971700267443,-0.308594915653118,0.0846709987719833,2.87380678297498
153,51.5092545150184,-0.160970890254511,-0.243446816423694,0.138324428692723,2.62489014336822
153.5,51.5092530654988,-0.160969566959288,-0.207431266853248,0.188075169896658,2.40509550391898
154,51.5092518304209,-0.160967767717543,-0.13291958174647,0.199830890475781,2.15775535913903
154.5,51.5092510389967,-0.160965856012821,-0.0473128920254572,0.194323159320209,1.80962474341872
155,51.5092507572876,-0.160963996997825,0.00377037527021274,0.199964457517634,1.55194333362697
155.5,51.509250779736,-0.16096208401428,0.0887122821498652,0.276098045983239,1.25990808212588
156,51.5092513079408,-0.160959442689055,0.121385153620637,0.218553527723746,1.06381486469315
156.5,51.5092520306851,-0.160957351869892,0.13296986131085,0.121321951776969,0.739624870981322
157,51.509252822407,-0.16095619122791,0.244683284124409,0.155660176249719,0.566591415039448
157.5,51.5092542792872,-0.160954702084154,0.269705212820821,0.075226977722593,0.272009690111506
158,51.5092558851522,-0.160953982413809,0.259659693237546,-0.0132982595772353,-0.0511694789376247
158.5,51.5092574312052,-0.160954109630734,0.369994301626613,0.0020534760370141,0.0055499637268832
159,51.509259634207,-0.160954089982411,0.599999712467639,-0.000587399991586431,-0.000979000142363069
159.5,51.5092632066957,-0.160954095596169,0.958304881165689,-0.0570241592135623,-0.0594351524833246
160,51.5092689125877,-0.160954641115653,1.11992276409914,-0.0131530396691997,-0.0117440553793055
160.5,51.5092755807766,-0.160954766935313,1.29997298474588,0.00838086695383247,0.00644686539113988
161,51.5092833210115,-0.160954686746525,1.31999999088945,0.00015508658919025,0.000117489840565946
161.5,51.5092911804903,-0.160954685250489,1.31706063422646,-0.0880413866939439,-0.0667475719069175
162,51.5092990224682,-0.160955527497313,1.27961139864448,-0.0315383648770815,-0.0246418413223987
162.5,51.5093066414675,-0.1609558292013,1.22929374196919,-0.0416760837337529,-0.0338894815273939
163,51.5093139608678,-0.160956227889666,1.25943335214957,0.0377840110800677,0.0299918064927155
163.5,51.5093214597235,-0.160955866412357,1.27999311187833,-0.00419923136035035,-0.00328065538505536
164,51.5093290809953,-0.160955906573058,1.22986356418573,-0.0183197567770028,-0.0148946619271991
164.5,51.5093364037884,-0.160956081820157,1.35999948745746,-0.00118072666315996,-0.00086818147903427
165,51.5093445014302,-0.160956093103232,1.31970941483449,-0.0276958552350737,-0.0209832482867141
165.5,51.509352359179,-0.160956358047345,1.22776557743815,0.0741059164842829,0.060285221797578
166,51.5093596694798,-0.160955649091432,1.27910178635469,0.0479439270839224,0.03746495686505
166.5,51.5093672854442,-0.160955190417202,1.31919783333967,0.0460116997285675,0.0348644109563158
167,51.5093751401466,-0.160954750227373,1.25997831424099,-0.00739240437485145,-0.00586702125807129
167.5,51.5093826422473,-0.160954820936077,1.31997412185382,-0.00826544833789535,-0.00626174420611861
168,51.5093905015721,-0.160954899996345,1.32934736134391,-0.0416604475249911,-0.0313287693257739
168.5,51.5093984167068,-0.160955298534779,1.28972587064318,0.0265928297420102,0.0206160570471723
169,51.5094060959288,-0.160955044118482,1.37917738814439,0.0476417047473199,0.0345298357543904
169.5,51.5094143077584,-0.160954588333999,1.31998106143093,0.00707088846512815,0.00535675930425192
170,51.5094221671245,-0.16095452067686,1.27949767573639,-0.0358566281904396,-0.0280166558295733
170.5,51.5094297854466,-0.160954863692832,1.27998710216919,0.00574615354101811,0.00448919753229257
171,51.5094374066826,-0.160954808709376,1.25758857508517,-0.0779164669069479,-0.0618779454462599
171.5,51.5094448945548,-0.160955554097826,1.28867305809341,-0.0584957207338728,-0.0453610743774756
172,51.5094525675087,-0.16095611369456,1.33971165018558,-0.0277973803989044,-0.0207458018235424
172.5,51.5094605443538,-0.160956379610378,1.22980632262588,-0.0218267915512334,-0.0177462904457224
173,51.5094678668061,-0.16095658840868,1.27996615318706,-0.00930842067745862,-0.0072722677541396
173.5,51.5094754879174,-0.160956677447533,1.20993984492303,0.0120653084351944,0.00997149452991522
174,51.5094826920814,-0.160956562011719,1.32982237217222,-0.0217361098235693,-0.0163436673149574
174.5,51.5094906100443,-0.160956769941718,1.25891136022109,0.0523658964049692,0.0415722087254952
175,51.5094981057919,-0.160956268963023,1.28993235398579,-0.013210682824326,-0.0102410184081335
175.5,51.5095057862435,-0.160956395333449,1.27986078245229,-0.0188779644190017,-0.0147489444228562
176,51.5095134067275,-0.16095657592104,1.30931460022458,-0.0423707167598033,-0.0323497006438797
176.5,51.5095212025841,-0.160956981255936,1.26986396369245,-0.0185879992282739,-0.0146367424743941
177,51.5095287635455,-0.160957159069773,1.32992312911115,-0.0142993235925848,-0.0107515782617335
177.5,51.5095366821083,-0.160957295854748,1.22976010069386,-0.0242918657460453,-0.0197507684269348
178,51.5095440042853,-0.160957528236121,1.30984236267003,0.0203220312715067,0.0155136232468921
178.5,51.5095518032839,-0.160957333809933,1.29992473166784,-0.0139889956142953,-0.0107609735401392
179,51.5095595432317,-0.160957467626469,1.37510519298102,-0.116127982143168,-0.0842503461867278
179.5,51.5095677308158,-0.160958578573807,1.30674559426679,-0.0922819151531621,-0.0705026024314883
180,51.5095755113764,-0.160959461394308,1.2889496264513,-0.0520467143155711,-0.0403572442971908
180.5,51.509583185977,-0.160959959297672,1.3198176879836,-0.0219378778739526,-0.0166203696320353
181,51.5095910443704,-0.16096016915906,1.31999946194259,-0.00119183525819998,-0.000902905621316921
181.5,51.509598903846,-0.160960180549543,1.25992024528012,-0.0141765839782166,-0.0112514945233414
182,51.509606405601,-0.160960316161648,1.27999107650503,0.00477954678881156,0.0037340296060012
182.5,51.5096140268607,-0.160960270426122,1.29999958938959,-0.00103324097220267,-0.000794800831528594
183,51.5096217672541,-0.160960280299579,1.32973296931997,-0.0266501464068711,-0.0200390451960166
183.5,51.5096296846847,-0.16096053524196,1.27999401572166,-0.00391404097357228,-0.00305784927597493
184,51.5096373059619,-0.160960572675384,1.36901687563322,-0.0518921403630671,-0.0378865377250228
184.5,51.5096454572949,-0.160961069100164,1.27572436695509,-0.104533915821789,-0.0817581753459792
185,51.5096530531505,-0.160962069134099,1.31931182486601,-0.0426181741599789,-0.0322921075449106
185.5,51.509660908532,-0.160962476838446,1.27994123524997,-0.0122651663982019,-0.0095823078901711
186,51.509668529495,-0.160962594164977,1.25999161217521,0.00459752630422758,0.00364883849696146
186.5,51.5096760316749,-0.160962550171273,1.30782664400768,-0.0754285703404985,-0.0576109246625568
187,51.5096838186721,-0.160963271763503,1.25847800879423,-0.0619120455267064,-0.0491563381272437
187.5,51.5096913118401,-0.160963864047707,1.23849275534745,-0.061120331739034,-0.0493105710581006
188,51.5096986860128,-0.160964448758171,1.26790692855065,-0.0728836094967003,-0.0574202168810606
188.5,51.509706235322,-0.160965146004493,1.2891377926437,-0.0471566705540084,-0.0365637050548967
189,51.5097139110429,-0.160965597128588,1.27998700923348,-0.0057668183185683,-0.00450534205301854
189.5,51.5097215322783,-0.160965652287923,1.13957326100764,0.0311894661129693,0.0273625951218134
190,51.5097283174691,-0.160965353898041,0.909706297976042,0.0231182054391092,0.0254073548239694
190.5,51.5097337339973,-0.160965132725399,0.698880065157318,0.0395809869217822,0.0565744415305577
191,51.5097378952343,-0.16096475405958,0.399575410607775,0.0184252879930867,0.0460795252014299
191.5,51.5097402743664,-0.160964577786778,0.301084220959664,0.073812545607857,0.240414253145812
192,51.5097420670668,-0.160963871640325,0.162346538566336,0.0987096824811481,0.546294531047526
192.5,51.509743033702,-0.160962927311,0.158699365599689,0.137530038021722,0.714056828754576
193,51.5097439786212,-0.160961611598146,0.120802762825927,0.241467787693562,1.10692057598632
193.5,51.5097446978978,-0.160959301542072,0.0608918203612194,0.221793115792842,1.30285472882341
194,51.5097450604556,-0.160957179708575,-0.0102402784637389,0.219761545082358,1.6173598714918
194.5,51.5097449994822,-0.160955077311179,-0.0587340400774292,0.253279119818794,1.79866330428063
195,51.5097446497694,-0.160952654260955,-0.0949297799338689,0.198464951267742,2.01695009793852
195.5,51.509744084542,-0.160950755603001,-0.163651781903459,0.188992312753251,2.2844591366549
196,51.5097431101334,-0.160948947567882,-0.192493440870345,0.12588198926731,2.56244235348878
196.5,51.5097419639977,-0.160947743291984,-0.226070302181114,0.0805743040413006,2.79921651234191
197,51.5097406179406,-0.16094697246246,-0.249049803379855,0.0217760289413692,3.05437801506148
197.5,51.5097391350604,-0.160946764139871,-0.429362605172929,0.0234041295312469,3.08713753619824
198,51.5097365785706,-0.160946540243596,-0.739862577646578,-0.0142606520945522,3.16086499807961
198.5,51.5097321733174,-0.160946676678972,-0.939784009519299,-0.0201498251066925,3.16303027972958
199,51.509726577702,-0.160946869456457,-1.15999095482598,-0.00458090841432636,3.14554172283204
199.5,51.5097196709411,-0.160946913292773,-1.28831656681037,0.0658818919123532,3.09049919218124
200,51.5097120001098,-0.160946283032913,-1.26834664742602,-0.0647825745333316,3.19262470211837
200.5,51.5097044481832,-0.160946902802497,-1.34779432184477,0.0771392636923645,3.0844213186806
201,51.5096964232123,-0.160946164847448,-1.23999554395554,0.00332429998752102,3.13891176329175
201.5,51.509689040092,-0.160946133057847,-1.26937615264569,0.039801797628111,3.11024752285445
202,51.5096814820349,-0.160945752298992,-1.27766911605281,0.0772115916480365,3.08123445567686
202.5,51.5096738746,-0.160945013651831,-1.28982985351853,-0.0209511090964269,3.1578345375208
203,51.5096661947589,-0.160945214098638,-1.28998199933139,0.00681479280672489,3.13630984389616
203.5,51.5096585140117,-0.160945148917234,-1.33969986143733,0.0283598530461935,3.12042700387309
204,51.5096505372368,-0.160944877621218,-1.2998848500616,0.0173025021405871,3.12828264356988
204.5,51.5096427975264,-0.16094471210723,-1.23992920523317,0.0132501324464168,3.13090685954667
205,51.5096354148011,-0.160944585360455,-1.31966852865705,-0.0295799674126212,3.16400359574821
205.5,51.5096275572961,-0.160944868357155,-1.2593542547339,0.0403343660372619,3.10957578227727
206,51.5096200589108,-0.160944482503997,-1.27999392426311,0.00394383690464422,3.13851152613301
206.5,51.5096124376342,-0.160944444788231,-1.27905445786649,0.0491903833270702,3.10315320101337
207,51.5096048219509,-0.160943974212692,-1.29975584854386,0.0251939313333493,3.12221149307752
207.5,51.5095970830086,-0.160943733204162,-1.26995931045083,-0.0101661103308294,3.14959755036376
208,51.5095895214797,-0.160943830473906,-1.32860519780254,-0.0608952245423419,3.18739454899806
208.5,51.5095816107646,-0.160944413053815,-1.30935660751935,0.041052093069907,3.11025004660055
209,51.5095738146578,-0.160944020335391,-1.22981425243597,-0.0213753246843739,3.15897184118529
209.5,51.5095664921586,-0.160944224839617,-1.27999759626584,0.00248063573774953,3.13965465570654
210,51.5095588708601,-0.160944201121919,-1.21950684852744,-0.0346849591993712,3.17002677935674
210.5,51.5095516097329,-0.160944532954964,-1.36913616383749,-0.0486432407675879,3.17710613325415
211,51.5095434576902,-0.160944998323899,-1.27996038934404,-0.0100698416198341,3.14945979850722
211.5,51.5095358366133,-0.160945094672453,-1.3190394574996,0.0503478853493441,3.10344106165756
212,51.5095279828534,-0.160944613024578,-1.25832378035233,-0.0649712536420419,3.19318001876247
212.5,51.5095204906045,-0.160945234596861,-1.29797841090188,0.0724709930429177,3.08581682111864
213,51.509512762245,-0.160944541304369,-1.32998349368302,0.00662620032131587,3.13661052747436
213.5,51.5095048433229,-0.160944477927929,-1.24902701696961,0.0493103526655353,3.10213413293372
214,51.5094974064275,-0.160944006205466,-1.3089410541863,0.0526622888380951,3.10138159757481
214.5,51.509489612795,-0.160943502416946,-1.27888789341496,-0.0533456284680169,3.18328099993731
215,51.5094819981041,-0.160944012770634,-1.30896498146601,0.0520641651780636,3.10183854571694
215.5,51.5094742043291,-0.160943514704332,-1.32999573035739,0.00337004912475267,3.13905877935596
216,51.5094662853342,-0.160943482478625,-1.26988860206515,-0.0168207712376698,3.15483774261793
216.5,51.5094587242262,-0.160943643411017,-1.36770084705973,0.0793372103876909,3.08364986395259
217,51.5094505807288,-0.160942884433732,-1.30999849150415,-0.00198802838556019,3.14311023309258
217.5,51.5094427808005,-0.160942903466828,-1.26993353082295,-0.0129933556692919,3.15182382079911
218,51.509435219425,-0.160943027783664,-1.2475236926771,0.0786424580573511,3.07863710904391
218.5,51.5094277914805,-0.160942275452014,-1.26646594245395,0.0946784907158703,3.06697343319062
219,51.5094202507508,-0.160941369709655,-1.23903546655322,0.0488990043174828,3.10214774475656
219.5,51.5094128733467,-0.160940901923689,-1.31976439727124,-0.0249386386012518,3.16048668574693
220,51.5094050152708,-0.160941140517675,-1.28873284226887,0.0571634608610489,3.09726537816031
220.5,51.509397341961,-0.16094059366931,-1.28998554210695,-0.0061074671540539,3.14632714193939
221,51.5093896611928,-0.160940652111767,-1.20999934237328,-0.00126152931729938,3.14263523999132
221.5,51.5093824566744,-0.160940664193939,-1.31999587101833,-0.00330158970068403,3.14409386051643
222,51.5093745972202,-0.160940695793872,-1.28964895217548,0.0300928588318683,3.11826273975008
222.5,51.5093669184558,-0.160940407920717,-1.26949415116292,-0.0358413192158798,3.16981791231449
223,51.5093593596967,-0.160940750816009,-1.30579368369673,0.104894497556988,3.06143470585856
223.5,51.5093515848036,-0.16093974734286,-1.29987014779341,0.0183738639248562,3.12745844150122
224,51.5093438451808,-0.1609395715815,-1.27976671899294,0.0244365496347762,3.12250043931651
224.5,51.5093362252568,-0.160939337820465,-1.28872692776139,0.0572966461731232,3.09716203197931
225,51.5093285519822,-0.160938789699095,-1.30962858456173,0.0311924750356035,3.11777935336044
225.5,51.5093207542561,-0.160938491307158,-1.19983899264611,0.0196568493397706,3.12521121315221
226,51.5093136102338,-0.16093830327113,-1.31796894450504,0.0731974133440588,3.08611160897464
226.5,51.5093057628476,-0.1609376030338,-1.27929033005369,-0.0426175014649816,3.17489373120504
227,51.5092981457606,-0.160938010754423,-1.29991711489966,0.0146797272097488,3.1303003157437
227.5,51.5092904058582,-0.160937870333989,-1.279244504516,-0.0439715551876845,3.1759521913659
228,51.509282789044,-0.160938291008152,-1.27993911755415,-0.0124842042083454,3.15134609276692
228.5,51.5092751680938,-0.160938410454573,-1.12999565148567,0.00313490406209294,3.13881839864874
229,51.5092684399294,-0.160938380477135,-0.939889298380942,0.0144259068685698,3.12624534167798
229.5,51.5092628436869,-0.160938242480782,-0.609963561039549,-0.00666739858963181,3.15252303285872
230,51.509259211872,-0.160938306272279,-0.349968290309025,-0.00471123955852332,3.15505374456616
230.5,51.5092571281081,-0.160938351346945,-0.238159971137097,0.0760251810124576,2.83259834982209
231,51.5092557100672,-0.160937624045767,-0.213478940556683,0.13010281295497,2.59426016651966
231.5,51.5092544389805,-0.160936379404275,-0.193958995804988,0.201940357398715,2.33603714336191
232,51.5092532841179,-0.160934447520259,-0.152087546063667,0.258591141248752,2.10244888234545
232.5,51.5092523785638,-0.160931973679417,-0.0822216408566371,0.27809998521187,1.85826209722892
233,51.5092518890016,-0.160929313204132,0.00987396114952632,0.279825847432323,1.53552486689177
233.5,51.5092519477904,-0.160926636217038,0.0691267809427401,0.271332799632655,1.32133565602262
234,51.5092523593794,-0.160924040478888,0.167890719012118,0.260600664752786,0.99847732653892
234.5,51.5092533590239,-0.160921547409573,0.231343755642994,0.221088368588206,0.762734805452183
235,51.5092547364775,-0.160919432338322,0.212050910024923,0.132417565139985,0.558211767810947
235.5,51.5092559990594,-0.160918165546991,0.231222211451164,0.0643139870606153,0.271290484956251
236,51.5092573757908,-0.160917550276303,0.309452470421111,-0.018416529267791,-0.0594431597048678
236.5,51.5092592183175,-0.160917726455826,0.479991635996118,0.00283361496511747,0.00590339879962518
237,51.50926207626,-0.160917699340888,0.629517922979732,0.0246411170056027,0.0391228636045607
237.5,51.5092658245043,-0.160917463599717,0.829999078806481,-0.00123660033681576,-0.00148988047506652
238,51.5092707664439,-0.160917475417982,1.14981989737719,-0.0203519924209984,-0.0176983086400237
238.5,51.509277612645,-0.16091767010145,1.24863119617425,-0.0584819283237033,-0.0468026275372762
239,51.5092850471837,-0.160918229558368,1.2794818207527,-0.0364179950486939,-0.0284553985784069
239.5,51.5092926654116,-0.160918577937626,1.28979012263172,-0.0232688538966348,-0.0180388495290015
240,51.5093003450164,-0.160918800523913,1.24997485571624,0.00792843472364491,0.00634279030828478
240.5,51.5093077875549,-0.160918724657928,1.27811087772264,-0.0695167911159783,-0.0543367271283785
241,51.5093153976203,-0.160919389681439,1.26648997253193,-0.0943565020339086,-0.0743649809326873
241.5,51.5093229384932,-0.160920292337727,1.25610933948963,-0.0989410291382178,-0.0786055497156866
242,51.5093304175582,-0.160921238852952,1.29976570345366,-0.024680278069816,-0.0189859699000191
242.5,51.5093381565592,-0.160921474942317,1.28900711845001,0.0506028515520271,0.0392370838325711
243,51.5093458315014,-0.160920990825487,1.2399986918674,-0.00180115716305174,-0.00145254661002121
243.5,51.5093532146404,-0.160921008039416,1.28911142168553,-0.0478721472248897,-0.0371187147479386
244,51.5093608902044,-0.160921465997288,1.25973714627953,-0.0257356228506199,-0.0204265179398869
244.5,51.5093683908694,-0.160921712183503,1.23997329308501,-0.00813833127268886,-0.00656321750043282
245,51.5093757738572,-0.160921790023046,1.17990556482338,-0.0149284325639168,-0.0126515515394432
245.5,51.5093827991928,-0.160921932821927,1.34889098846003,-0.0547092428327894,-0.0405364657701745
246,51.5093908306934,-0.160922456187519,1.2092182007637,-0.0434895727938892,-0.0359495385438707
246.5,51.5093980305611,-0.160922872220544,1.27951403355002,0.035268086828778,0.0275566803248509
247,51.5094056489801,-0.160922534805773,1.28756640612707,-0.0792006932609534,-0.0614345233265865
247.5,51.5094133153451,-0.160923292473741,1.24895474729776,-0.051108112882254,-0.0408978905762606
248,51.5094207518102,-0.160923781390502,1.28996450658123,-0.00956931348915591,-0.0074181405072657
248.5,51.5094284324533,-0.160923872919513,1.34773281933578,-0.0782064427347063,-0.0579631495938104
249,51.5094364570582,-0.160924621075631,1.30982401399071,-0.0214721301518854,-0.0163916730754765
249.5,51.5094442559479,-0.160924826474731,1.28787200175588,-0.0740655594274507,-0.0574467540887394
250,51.5094519241324,-0.160925535017644,1.29754829445196,-0.079802403252043,-0.0614250833119014
250.5,51.509459649931,-0.160926298443111,1.27952852634044,-0.0347383114308912,-0.0271426384494855
251,51.5094672684369,-0.160926630756086,1.28953999504863,-0.0344470778148189,-0.0267063356028792
251.5,51.5094749465526,-0.160926960282907,1.24789511294014,-0.0725105999155409,-0.0580410622260837
252,51.5094823767087,-0.160927653951394,1.32958491631935,-0.0332257474868685,-0.0249843642301398
252.5,51.5094902932578,-0.16092797179392,1.29867123323659,-0.0587624707083075,-0.0452173075578254
253,51.5094980257424,-0.160928533938346,1.36614009031561,-0.102767960145501,-0.0750836377054908
253.5,51.5095061599471,-0.160929517068158,1.29700783887762,-0.0881513805337095,-0.0678608264876619
254,51.5095138825279,-0.160930360367152,1.28956162097695,-0.0336277519812131,-0.0260709780807461
254.5,51.5095215607723,-0.160930682056715,1.32990278414171,-0.0160805700183972,-0.0120909487450826
255,51.5095294792139,-0.160930835877675,1.31879528421112,-0.0563826067373715,-0.0427270952906568
255.5,51.5095373315202,-0.160931375255429,1.29984042348982,0.0203684427931514,0.0156686740390355
256,51.5095450709657,-0.160931180380914,1.27811893776709,0.0693684432658928,0.0542206594344489
256.5,51.5095526810778,-0.160930516739225,1.31915002599256,0.0473625265778301,0.0358884053674005
257,51.5095605354954,-0.16093006362042,1.3499571390284,-0.0107574525909595,-0.00796856773189054
257.5,51.5095685733437,-0.160930166516568,1.27882903838098,-0.0547383831837007,-0.0427774071116061
258,51.5095761876848,-0.160930690165399,1.26864090029595,-0.0587389657406442,-0.0462676598614616
258.5,51.5095837413643,-0.160931252086856,1.27973682215965,0.0259550767426176,0.0202787935495057
259,51.50959136111,-0.160931003766781,1.26993113744667,0.0132252086335881,0.0104137383254507
259.5,51.5095989224711,-0.160930877229457,1.27753777329062,-0.0793551372984502,-0.0620359838930187
260,51.5096065291241,-0.160931636379686,1.28971324771157,0.0271981373859109,0.0210853898013221
260.5,51.5096142082709,-0.160931376167446,1.27809009161168,0.0698979092966747,0.0546349182193331
261,51.5096218182113,-0.160930707459543,1.28913562974741,-0.047215761306418,-0.0366095425148698
261.5,51.5096294939193,-0.160931159142303,1.33921585705028,0.0458354472550774,0.0342122313661657
262,51.509637467812,-0.160930720631702,1.23994913611387,0.0112311998679432,0.00905754309326071
262.5,51.5096448506558,-0.160930613170663,1.29608842266167,0.100771030769705,0.0775940174965131
263,51.5096525677607,-0.160929649108002,1.25970700727388,0.0271708635321602,0.0215658490294543
263.5,51.5096600682458,-0.160929389156465,1.31848595926178,-0.0632042342690729,-0.0479003109536584
264,51.5096679187103,-0.16092999379602,1.25941892853497,0.0382617622155052,0.0303711468243197
264.5,51.50967541748,-0.16092962774108,1.31859831976521,-0.0608150566255368,-0.0460883271586455
265,51.5096832686135,-0.160930209524313,1.26888023567707,0.0533192977083004,0.0419960424041082
265.5,51.5096908237172,-0.160929699418089,1.32998543102942,-0.00622521079925508,-0.00468062671421753
266,51.5096987426508,-0.160929758956068,1.28986515398715,-0.0186516629204525,-0.0144591572440953
266.5,51.5097064227024,-0.16092993737488,1.29987299988375,0.0181709706187646,0.013978124895216
267,51.5097141623419,-0.160929763521986,1.2094245700619,-0.0373123214311002,-0.0308415184542911
267.5,51.5097213634383,-0.160930120463103,1.19982550770993,0.0204634075510918,0.0170536662264992
268,51.50972850738,-0.160929924680348,0.848829872720757,-0.0445852798226508,-0.0524773530539579
268.5,51.5097335614412,-0.160930351204485,0.689462399417701,0.0272323298523401,0.0394773979380264
269,51.509737666604,-0.160930090671753,0.339512287549677,0.0182045764242176,0.0535684880298939
269.5,51.5097396881112,-0.160929916509385,0.28985320584683,0.0773635512390365,0.260825794972147
270,51.5097414139402,-0.160929176390241,0.247679343690882,0.130594573810913,0.485227026603983
270.5,51.5097428886593,-0.160927927025238,0.215285416785846,0.208931063557683,0.77042024919243
271,51.5097441704994,-0.160925928237214,0.0900582518783405,0.155850926428486,1.04682382489447
271.5,51.5097447067185,-0.160924437253638,0.069694768900003,0.208668730738401,1.2484484239175
272,51.5097451216899,-0.16092244097708,0.0114942129661429,0.239724598379659,1.52288544534699
272.5,51.5097451901262,-0.160920147598455,-0.0787910211573014,0.299819904250851,1.82778015048087
273,51.5097447209899,-0.160917279306056,-0.163771407071224,0.309320103171313,2.05773016620645
273.5,51.5097437458675,-0.160914320129206,-0.14722289348458,0.163479110696223,2.30392122634946
274,51.5097428692787,-0.16091275617232,-0.21800747159263,0.122363157567091,2.63013070737752
274.5,51.5097415712283,-0.160911585561403,-0.219758903459472,0.0678676973993565,2.84205660494327
275,51.50974026275,-0.160910936293413,-0.20997179008152,0.00344200086610524,3.1252014393084
275.5,51.5097390125463,-0.160910903367924,-0.42999604576081,0.00184407973452808,3.13730408292186
276,51.5097364522851,-0.160910885732623,-0.56986790527008,0.0122707189313298,3.12006341339266
276.5,51.5097330592056,-0.160910768350712,-0.939636260258622,0.0261476271809101,3.11377244042634
277,51.5097274644695,-0.160910518217949,-1.12947304545496,-0.0345056457800331,3.17213337081995
277.5,51.5097207394172,-0.160910848340789,-1.25959753395218,0.0318441903899427,3.11631679537254
278,51.5097132395834,-0.160910543715533,-1.21901049846686,0.0491264147641873,3.10131421041239
278.5,51.5097059814108,-0.160910073755676,-1.36982735064089,0.0217492398984175,3.12571662908767
279,51.5096978252522,-0.160909865707807,-1.28997398988751,0.00819178940743528,3.135242386563
279.5,51.5096901445527,-0.16090978735899,-1.38920756434529,0.0469291291824486,3.10782427281439
280,51.5096818730011,-0.160909338422887,-1.29546857817358,0.108448895637178,3.0580733622895
280.5,51.509674159585,-0.160908300943952,-1.31614334154851,0.100830077345609,3.06513175129194
281,51.5096663230683,-0.160907336352677,-1.28980780620198,0.0222670846863109,3.12433049034106
281.5,51.5096586433581,-0.160907123350164,-1.26932002979328,-0.041553122212297,3.17431748806321
282,51.5096510856359,-0.160907520896286,-1.25957750517453,0.0326268058245827,3.1156954686308
282.5,51.5096435859213,-0.160907208784997,-1.33936204758342,-0.0413437479330027,3.17245109404764
283,51.5096356111583,-0.160907604329041,-1.25719621122798,-0.0840100379359915,3.20831678638084
283.5,51.5096281256235,-0.16090840804714,-1.29997219431486,0.0085025883240924,3.13505215440118
284,51.5096203853932,-0.160908326725524,-1.33996923731909,0.00907981489302422,3.13481662047329
284.5,51.5096124070144,-0.160908239882404,-1.26877658375613,0.0557313243350116,3.09769562451021
285,51.5096048525269,-0.16090770673759,-1.24854959913075,0.0601988248260096,3.09341495842825
285.5,51.509597418474,-0.160907130853444,-1.27588805290844,0.102516713005735,3.06141559799391
286,51.5095898216433,-0.160906150127843,-1.30832729797982,0.0661791610766854,3.09105269717357
286.5,51.5095820316648,-0.160905517033078,-1.33519202694423,0.113411865272416,3.05685556229457
287,51.5095740817292,-0.160904432078528,-1.27700146567791,0.0875628725915144,3.07313069124696
287.5,51.5095664782693,-0.160903594412563,-1.33968268121877,0.0291601379022752,3.11982963875666
288,51.5095585015965,-0.160903315468299,-1.34479732323529,0.118406754111369,3.05377110124871
288.5,51.5095504944695,-0.160902182730342,-1.27817974158135,0.0682389054061925,3.08825572327144
289,51.5095428839941,-0.160901529931398,-1.28794641233119,0.0727601468059791,3.08515948997977
289.5,51.5095352153663,-0.160900833879573,-1.29600121429983,0.101886468843291,3.06313798838355
290,51.5095274987788,-0.160899859186036,-1.28999943317501,-0.00120930068837979,3.14253009612119
290.5,51.5095198179279,-0.160899870776365,-1.28953602621278,-0.0345953334908918,3.16841395724688
291,51.5095121398365,-0.160900201759926,-1.27986930591433,0.0182909753258717,3.12730234274359
291.5,51.5095045193017,-0.160900026797302,-1.31865247497313,0.0596292734085436,3.09640358344489
292,51.5094966678456,-0.160899456365551,-1.27970917999333,0.0272839630696547,3.12027544297151
292.5,51.5094890482641,-0.160899195370182,-1.33956497395417,-0.0341420643073669,3.16707456365363
293,51.5094810722928,-0.160899522018189,-1.28934641796294,-0.0410586712661485,3.17342645733749
293.5,51.5094733953304,-0.160899914834108,-1.28996324113218,0.00973840478483056,3.13404343088801
294,51.5094657146948,-0.160899821691406,-1.23907720277153,-0.0478297561344263,3.1801746088294
294.5,51.509458337043,-0.160900279282988,-1.29999795753998,-0.00230442875087134,3.14336529201881
295,51.5094505966594,-0.160900301350111,-1.29999999824874,-6.74779327815728e-05,3.14164455969196
295.5,51.5094428562635,-0.160900302017083,-1.32935765463936,-0.0413306914016382,3.17267336521855
296,51.5094349410682,-0.160900697435522,-1.24896961695932,-0.0507434322103811,3.1821985572072
296.5,51.5094275045155,-0.160901182900948,-1.27935060995504,-0.040767840360641,3.17344791616064
297,51.5094198870697,-0.160901572933684,-1.2598216035411,-0.0212020577097271,3.15842047771195
297.5,51.5094123859023,-0.160901775786945,-1.25998316943369,-0.00651250672365088,3.1467613327334
298,51.5094048837727,-0.160901838110349,-1.28983594466888,-0.020572696472372,3.15754115640018
298.5,51.5093972038954,-0.16090203494311,-1.3196535502232,-0.0302408231252278,3.16450437259851
299,51.5093893464797,-0.160902324267842,-1.24942339666274,-0.0379628222310565,3.1719675819943
299.5,51.509381907225,-0.160902687464962,-1.22989687914943,-0.0159269161639854,3.15454172779548
300,51.5093745842338,-0.160902839851988,-1.27769498517334,0.0767823212913925,3.08157043155787
300.5,51.5093669766446,-0.160902105323644,-1.32987123589397,-0.0185066458834646,3.15550787400154
301,51.5093590583912,-0.160902282391683,-1.36924422212502,-0.0455001118378193,3.17481052263295
301.5,51.5093509057053,-0.160902717697035,-1.26926015783084,-0.0433434163768947,3.17572795669959
302,51.5093433483395,-0.160903132368297,-1.27988339488989,-0.0172770218825435,3.15509073681966
302.5,51.5093357277212,-0.160903297671896,-1.29981891257993,0.0216977994164782,3.12490126362101
303,51.5093279884033,-0.160903090117915,-1.29925890392207,-0.0438896409102324,3.17536033276325
303.5,51.5093202524205,-0.160903510014917,-1.29999100104921,0.00483706430223948,3.13787182631024
304,51.5093125120782,-0.160903463761398,-1.2496751861264,-0.0284943710220749,3.164390125091
304.5,51.5093050713242,-0.160903736376564,-1.25999665492796,-0.00290337223684573,3.14389691930897
305,51.5092975691144,-0.160903764172253,-1.30996671281274,0.00933870026200657,3.13446381438231
305.5,51.5092897693751,-0.160903674853406,-1.21858763493057,-0.0586871024529126,3.18971540755223
306,51.5092825137213,-0.160904236310423,-1.31992814497996,-0.0137728751451679,3.15202683924304
306.5,51.5092746546705,-0.160904368091406,-1.20999033015711,0.00483745039013083,3.13759475005549
307,51.5092674502057,-0.160904321832657,-0.90911380975284,0.0401507274738197,3.09745664704771
307.5,51.5092620372048,-0.160903937740414,-0.618660874845657,0.040727410121515,3.0758559478248
308,51.5092583536043,-0.160903548126694,-0.379826361408346,0.0114863039876504,3.11136093296148
308.5,51.5092560920608,-0.160903438247703,-0.250128538962612,0.0709627648589673,2.8651514438869
309,51.5092546027571,-0.160902759378027,-0.212934477500797,0.110719954350887,2.66209544571549
309.5,51.509253334912,-0.160901700165937,-0.203803843066842,0.220145391846357,2.31766755996593
310,51.509252121431,-0.1608995941224,-0.130734517090122,0.247605504868556,2.0565884555856
310.5,51.5092513430154,-0.160897225377337,-0.079451332058903,0.289287894378707,1.83883201163685
311,51.5092508699471,-0.160894457871988,0.00290814132786438,0.26998433790503,1.56002522471802
311.5,51.5092508872597,-0.160891875034992,0.0468047895217675,0.225187281341161,1.36586585722925
312,51.50925116594,-0.160889720753523,0.152292435703531,0.246793464312744,1.01790927457184
312.5,51.5092520727093,-0.160887359772016,0.175298328631938,0.178242800636798,0.793726484160391
313,51.50925311646,-0.160885654588013,0.244397156229297,0.156109032496626,0.568426925453899
313.5,51.5092545716357,-0.160884161147962,0.218512761570898,0.0717786390972965,0.317382686728383
314,51.5092558726927,-0.160883474465023,0.229976102584277,0.00331545474195347,0.0144155198868381
314.5,51.509257242005,-0.160883442743033,0.429240681609889,-0.0255428512715039,-0.0594369695456093
315,51.509259797769,-0.160883687093752,0.697961402140081,-0.0533842778601694,-0.0763373738202741
315.5,51.509263953537,-0.160884197787853,0.819986864565914,0.00464132948216239,0.0056601881282905
316,51.5092688358622,-0.160884153370765,1.17997805418885,-0.00719664037622407,-0.00609888558582753
316.5,51.5092758616294,-0.160884222196366,1.28651613371848,-0.0947430086182926,-0.0735103804469918
317,51.5092835217414,-0.160885128543244,1.23842254223505,-0.0625268493055677,-0.0504462719169287
317.5,51.5092908954964,-0.160885726691359,1.36997231773459,-0.00870911252179852,-0.00635705925631002
318,51.5092990525181,-0.160885809983,1.26987899364377,-0.0175311580419568,-0.0138044998868011
318.5,51.5093066135691,-0.16088597767375,1.30542682337583,-0.109365482721466,-0.0835823852945759
319,51.5093143862783,-0.160887023909005,1.24963680079907,0.030130816262651,0.0241069878923483
319.5,51.5093218268037,-0.160886735635784,1.29929129377231,-0.0429200876918894,-0.03302145293222
320,51.5093295629803,-0.160887146212839,1.25774909345763,-0.0752809265784392,-0.0597823704489262
320.5,51.5093370518087,-0.160887866375147,1.30980269181469,-0.0227356221596238,-0.0173563081564694
321,51.5093448505715,-0.160888083854877,1.34887435258629,-0.0551178821700474,-0.0408394123073809
321.5,51.5093528819732,-0.160888611123372,1.2983873453534,-0.064732537615659,-0.0498148599122826
322,51.5093606127678,-0.160889230372913,1.33987316822772,-0.0184361889608533,-0.0137587840658057
322.5,51.5093685905747,-0.160889406721311,1.21971259113157,-0.0264800875209556,-0.0217066943599226
323,51.5093758529275,-0.160889660025033,1.25943854693541,-0.0376104572321544,-0.0298540036551026
323.5,51.5093833518147,-0.160890019808429,1.26725339857557,-0.0834794813033545,-0.0657793017049651
324,51.5093908972333,-0.160890818404571,1.2576924695683,-0.0762210731437808,-0.060529870637668
324.5,51.5093983857245,-0.160891547562504,1.21703069969495,-0.0850663035521526,-0.069783101442926
325,51.5094056321096,-0.160892361340616,1.17932682895261,-0.039852609859229,-0.0337798220454322
325.5,51.5094126539996,-0.160892742575985,1.28851306042576,-0.0619200542009107,-0.0480184932012435
326,51.5094203260012,-0.160893334921158,1.28874932773747,-0.0567905824606563,-0.0440379400446421
326.5,51.5094279994094,-0.16089387819464,1.27999814753665,-0.00217768288172522,-0.00170131557208351
327,51.5094356207112,-0.160893899005606,1.30997426215709,-0.00821172856274256,-0.00626853613919527
327.5,51.5094434204954,-0.160893977541712,1.28933033600456,0.0415606142682965,0.0322231065131855
328,51.509451097362,-0.160893579923133,1.2781729313763,-0.0683663476931857,-0.0534366366603115
328.5,51.5094587077969,-0.160894233938632,1.2484284525012,-0.0626609845554695,-0.0501498061537537
329,51.5094661411287,-0.160894833373575,1.24980144972406,0.0222786056037321,0.0178238282065817
329.5,51.5094735826345,-0.160894620220132,1.29930504740688,-0.0425016915310271,-0.0326994358873895
330,51.509481318893,-0.160895026797236,1.23853148733223,-0.0603303811244644,-0.0486727488081781
330.5,51.5094886932967,-0.160895603936667,1.22956506451856,-0.0327070652226513,-0.0265942446399039
331,51.5094960143126,-0.160895916813312,1.32996092189179,-0.010195402921732,-0.00766579156150748
331.5,51.5095039331004,-0.160896014326686,1.32914055065805,-0.047805821783656,-0.035951971323408
332,51.509511847004,-0.160896471646668,1.28839889753274,-0.0642516990936613,-0.0498281353578122
332.5,51.5095195183258,-0.160897086299847,1.3699048473787,0.0161464896603547,0.0117860317416233
333,51.5095276749454,-0.160896931808453,1.30985043950144,-0.0197945987046027,-0.0151109557590552
333.5,51.5095354739925,-0.160897121154822,1.2957128782387,-0.105489986095301,-0.0812354618537361
334,51.5095431888632,-0.160898130321764,1.2699915400311,-0.00463554197975362,-0.00365004115971372
334.5,51.5095507505842,-0.160898174647214,1.35993796663485,0.012989492102533,0.00955124235419247
335,51.5095588478596,-0.160898050358069,1.28991838384171,0.0145107900264297,0.0112489116734153
335.5,51.5095665282278,-0.16089791151628,1.27993604292986,-0.0127955464538922,-0.0099966871673512
336,51.50957414916,-0.160898033905747,1.25754822050411,-0.0785650883469159,-0.0623937197188375
336.5,51.5095816367923,-0.160898785492262,1.26980946321327,-0.0219983438928853,-0.0173223969200831
337,51.5095891974294,-0.160898995922384,1.3195732250546,-0.0335634282963806,-0.0254295802603054
337.5,51.5095970543675,-0.160899316991329,1.29911548176908,0.0479475236888126,0.0368910777891466
338,51.5096047894963,-0.160898858270551,1.27858212246788,-0.0602308567557936,-0.047072739212718
338.5,51.5096124023675,-0.160899434459382,1.25780879841386,-0.0742766896992901,-0.0589839496858453
339,51.5096198915513,-0.160900145020952,1.28776764069615,-0.0758584443280991,-0.0588389399997805
339.5,51.5096275591146,-0.16090087071443,1.19803496842817,-0.0686455710393022,-0.0572358877020223
340,51.509634692396,-0.160901527406234,1.30992622577111,0.0139026269837269,0.0106128915806649
340.5,51.5096424918939,-0.160901394382586,1.29997191368294,0.00854538679661779,0.00657342179828924
341,51.5096502321224,-0.160901312610173,1.24942827017899,-0.0378020856242748,-0.0302462800267844
341.5,51.5096576714069,-0.160901674231069,1.30999503513489,-0.00360664968278043,-0.00275317117492831
342,51.5096654713147,-0.160901708713458,1.26999729239054,-0.00262246462059556,-0.00206493423958608
342.5,51.50967303307,-0.160901733781102,1.34880273995869,-0.0568433697095372,-0.0421186516269804
343,51.5096810640452,-0.160902277563037,1.31771632832773,-0.0776123576402843,-0.0588311715916398
343.5,51.5096889099275,-0.160903020036545,1.25990890413782,-0.0151510156171897,-0.0120249053640134
344,51.5096964116151,-0.160903164961612,1.29999980692388,-0.000708518076991589,-0.000545013932359985
344.5,51.5097041520098,-0.160903171718853,1.27977482291038,0.0240083869659146,0.0187576522762579
345,51.5097117719816,-0.16090294201685,1.3288459378407,-0.0553938036630847,-0.0416615272589612
345.5,51.5097196841311,-0.160903471932195,1.12986600186,-0.0174016620155543,-0.0154003096388862
346,51.5097264115236,-0.16090363839082,0.929918983021594,-0.0122753825228993,-0.0131997193463391
346.5,51.5097319484014,-0.160903755811025,0.667630981772711,-0.0562927364515664,-0.0841181760502124
347,51.5097359235775,-0.160904294337142,0.409483025019965,0.0205828137167603,0.0502230954611999
347.5,51.5097383617009,-0.160904097420587,0.203035816198217,0.0536326145244107,0.258254577663431
348,51.5097395706062,-0.160903584329117,0.200159700472881,0.113296488500777,0.515067311081048
348.5,51.509740762386,-0.160902500450056,0.1451018286753,0.12265993361764,0.701780671662732
349,51.5097416263429,-0.160901326994374,0.134843064545235,0.210516859049459,1.00110487242938
349.5,51.5097424292167,-0.16089931303613,0.056610938449917,0.243506060803052,1.34237128884316
350,51.5097427662842,-0.160896983480646,0.0057117339755158,0.299945621896691,1.55175606311436
350.5,51.5097428002895,-0.160894113984471,-0.0678950798558618,0.261324048130604,1.82498812458716
351,51.5097423960292,-0.16089161397141,-0.104532272097481,0.182134576865949,2.09182516965361
351.5,51.5097417736263,-0.160889871542611,-0.239514848919009,0.212208946906826,2.41656925129774
352,51.5097403475164,-0.160887841403208,-0.208843857783734,0.118254991717084,2.62636940066641
352.5,51.5097391040273,-0.160886710094571,-0.233804265752407,0.0541808574680932,2.91387614444485
353,51.5097377119208,-0.160886191765752,-0.189981869842167,-0.00262471546531534,3.15540738492453
353.5,51.5097365807402,-0.160886216879152,-0.32957874095499,0.0166689384942096,3.091059214233
354,51.5097346183785,-0.160886057418137,-0.619624741875212,-0.0215680146531053,3.17638679405761
354.5,51.5097309290397,-0.160886263764632,-0.879991901074731,0.00377545267223031,3.13730235330058
355,51.5097256894353,-0.160886227662066,-1.17912322063297,0.0454800018045194,3.10304073025104
355.5,51.5097186687575,-0.160885792589418,-1.33978617067936,-0.0239377704963879,3.15945761169468
356,51.5097106914691,-0.160886021619858,-1.34931634056056,0.0429582715695993,3.10976633907033
356.5,51.5097026574359,-0.160885610675187,-1.30821307666036,0.0683998980615518,3.08935523706697
357,51.5096948681374,-0.160884956337215,-1.30993730835545,0.0128159345533302,3.13180934137761
357.5,51.5096870685732,-0.160884833755119,-1.32902565622188,0.050899951905612,3.10331266476581
358,51.5096791553536,-0.16088434683476,-1.26919341948896,0.0452555402788726,3.10595082417799
358.5,51.5096715983843,-0.160883913911881,-1.37875001910446,-0.0587229496829208,3.18415836822565
359,51.5096633890996,-0.160884475722662,-1.32790951192555,0.0745407817080438,3.08551757045576
359.5,51.5096554825255,-0.160883762637808,-1.29969379525976,0.0282141553705976,3.11988775298476
360,51.5096477439525,-0.160883492745656,-1.32884632393127,0.0553845409329241,3.09993809683701
360.5,51.5096398318007,-0.160882962923232,-1.24965755813251,0.0292572623856571,3.11818470607922
361,51.509632391151,-0.160882683051279,-1.23996229265483,-0.00967020135139983,3.14939128211678
361.5,51.5096250082289,-0.160882775586457,-1.29987034477886,-0.0183599227802805,3.15571614065053
362,51.5096172686052,-0.16088295125464,-1.2838608434217,0.125703360052644,3.0439933129934
362.5,51.5096096243029,-0.16088174871326,-1.31991085878501,0.0153403018684881,3.12997095116989
363,51.5096017653546,-0.160881601982289,-1.25982125482524,0.0212227682112773,3.12474839023183
363.5,51.5095942641888,-0.160881398974499,-1.30940717797382,0.0394061197106416,3.111507107777
364,51.5095864677808,-0.160881022013263,-1.33754948125256,0.0810023777490686,3.08110624204468
364.5,51.5095785038087,-0.160880247114332,-1.28911107256539,0.0478815474823964,3.10446664679664
365,51.5095708282466,-0.160879789071288,-1.23505454282008,-0.110635782003269,3.23093386238568
365.5,51.5095634745471,-0.160880847512454,-1.31929408703574,0.0431637801001505,3.1088869898333
366,51.5095556192709,-0.160880434603416,-1.30991749617718,0.0147021498052183,3.13036940285681
366.5,51.5095478198246,-0.16088029397765,-1.33954600482466,-0.0348783737909187,3.16762423066694
367,51.5095398439664,-0.160880627673423,-1.29999998559763,-0.000193510077246803,3.14174150749592
367.5,51.5095321035706,-0.160880629549447,-1.27958123567644,0.0327392929788672,3.1160122912686
368,51.5095244847508,-0.160880316367653,-1.28990594581339,0.0155772576294318,3.12951696659684
368.5,51.5095168044563,-0.160880167369751,-1.27948988371826,0.0361336057241727,3.11335952345058
369,51.5095091861803,-0.160879821715861,-1.28527446979526,0.110315625785845,3.05597209058984
369.5,51.5095015334612,-0.160878766387267,-1.35835160722037,0.0669396083185352,3.09235245783017
370,51.5094934456303,-0.160878126024435,-1.2496765505326,0.0284344693801655,3.11884311583158
370.5,51.5094860048675,-0.160877854025558,-1.26998883056031,0.0053263732544193,3.13739864660607
371,51.5094784431627,-0.160877803094591,-1.29994864858925,0.011554697356269,3.13270430782079
371.5,51.5094707030724,-0.160877692579941,-1.33936036113864,0.0413983455052705,3.11069344924235
372,51.5094627283186,-0.160877296561994,-1.31999962480236,0.00099524953338444,3.14083867659913
372.5,51.509454868842,-0.160877287066511,-1.29999955718971,0.00107298954272014,3.14076727692476
373,51.5094471284488,-0.16087727682693,-1.2098793634972,0.0170858357596917,3.12747165887965
373.5,51.5094399246446,-0.160877113396181,-1.29958930562035,0.0326747106677412,3.11645561362525
374,51.5094321866937,-0.160876800833837,-1.25823593066592,-0.0666509023289343,3.19451489544362
374.5,51.5094246949682,-0.160877438484581,-1.25912804323058,0.0468675874174851,3.10438757290954
375,51.5094171979296,-0.160876990143175,-1.3365913900416,0.0955167842144741,3.07025096953966
375.5,51.509409239662,-0.160876076393548,-1.3160226564991,0.102393200853679,3.06394404251865
376,51.5094014038636,-0.160875096859568,-1.25616874615415,0.0981839151058414,3.06358983492827
376.5,51.5093939244444,-0.160874157593488,-1.31944518209628,0.0382676291782157,3.11259796299411
377,51.5093860682685,-0.160873791526885,-1.18998925586162,-0.00505677109536863,3.14584205385374
377.5,51.5093789828933,-0.160873839926959,-1.309472128857,0.0371852624937143,3.11320314369493
378,51.5093711860985,-0.160873484214948,-1.27998249600961,-0.00669402039210665,3.14682238085998
378.5,51.50936356489,-0.160873548279829,-1.26913944996617,0.046744588345247,3.10477757545755
379,51.509356008242,-0.160873101116553,-1.28757575581583,0.0790485485970776,3.08027629435212
379.5,51.509348341821,-0.160872344913497,-1.23979097857569,-0.0227668496358222,3.15995404791113
380,51.509340959919,-0.160872562740645,-1.28997594344126,0.00787815605578241,3.13548551790912
380.5,51.5093332792078,-0.160872487399146,-1.21989976614212,0.0156384323510359,3.12877391535708
381,51.5093260157407,-0.160872337816542,-1.23993790237475,-0.0124096033176363,3.15160056526252
381.5,51.5093186329638,-0.160872456559624,-1.2379792877776,0.0707621582038853,3.08449537823675
382,51.5093112618477,-0.160871779629128,-1.30998487160683,0.00629572563147041,3.13678673766098
382.5,51.5093034620004,-0.160871719426739,-1.32999993811723,0.000405719322768942,3.14128760146268
383,51.5092955429804,-0.16087171557227,-1.27922636824647,-0.0444960535661156,3.17636220062312
383.5,51.5092879262744,-0.160872141275219,-1.29861977019951,-0.0598890010518201,3.18767742672724
384,51.5092801940974,-0.160872714236955,-1.33789104387751,0.0751502143200112,3.08548096392003
384.5,51.5092722280917,-0.16087199533013,-1.19992226403431,0.013658706921781,3.13021015203454
385,51.5092650835736,-0.160871864686684,-0.899217688845658,-0.0375173035687908,3.1832906289188
385.5,51.5092597294965,-0.160872223618621,-0.659613002492696,-0.0225983836273751,3.1758393226685
386,51.5092558020616,-0.160872439822037,-0.349737127600067,-0.0135625063338128,3.1803523758497
386.5,51.5092537196742,-0.160872569576398,-0.201281888648137,0.059879890633159,2.85243772734106
387,51.5092525212108,-0.160871996732404,-0.265356298301058,0.160268633712151,2.5982553089533
387.5,51.5092509412374,-0.16087046350901,-0.179795613687215,0.187812505704061,2.33438969042904
388,51.5092498707048,-0.160868666782274,-0.161560747812902,0.25278078401282,2.13949478900813
388.5,51.5092489087445,-0.160866248528587,-0.0500759142428019,0.255132128146863,1.76460705936017
389,51.5092486105816,-0.160863807778224,0.0193682327180738,0.239217205822195,1.49000750327142
389.5,51.5092487258998,-0.160861519278365,0.0664966309754901,0.261683392803039,1.32195223703959
390,51.5092491218272,-0.16085901585205,0.117790612713181,0.197548403072901,1.03312986372193
390.5,51.5092498231676,-0.160857125979466,0.153926921051174,0.142851331725349,0.748096064219749
391,51.5092507396697,-0.160855759371986,0.214008633222664,0.108629208347329,0.469703259974721
391.5,51.5092520139078,-0.160854720153078,0.244075590073259,0.0541027386588731,0.218136801458248
392,51.5092534671699,-0.160854202567353,0.289952758583949,-0.00523428978548379,-0.0180502552704959
392.5,51.5092551935924,-0.16085425263528,0.439322524355656,-0.0244073676125444,-0.0554997776107416
393,51.5092578093852,-0.160854486121383,0.708971437462063,-0.0382034142842771,-0.0538336241556078
393.5,51.5092620307085,-0.160854851582998,0.949214050580145,-0.0386352970900221,-0.0406799527786372
394,51.5092676824725,-0.160855221170964,1.17672157669533,-0.0878995502812672,-0.0745602079301196
394.5,51.5092746888512,-0.160856062046463,1.28899525943526,-0.0509040386748862,-0.0394707431372114
395,51.5092823637238,-0.160856548997573,1.33764776291758,-0.0793628525293293,-0.0592606888302408
395.5,51.5092903282812,-0.160857308202597,1.23715365086732,-0.0839693047825011,-0.0677690425369963
396,51.5092976944816,-0.160858111478312,1.23968467618491,0.0279625398045658,0.0225523469963322
396.5,51.5093050757505,-0.160857843943791,1.28916038121602,-0.0465350567095055,-0.0360815158040482
397,51.5093127516063,-0.160858289099085,1.27619121865281,-0.0986710364467101,-0.0771632983892768
397.5,51.5093203502424,-0.16085923302056,1.31901647536663,-0.0509464200057635,-0.0386053614211141
398,51.5093282038659,-0.160859720377484,1.27999378737417,-0.00398801749335792,-0.00311564370739807
398.5,51.5093358251417,-0.160859758501502,1.20968138733374,0.0277658268077759,0.0229489786189963
399,51.5093430277666,-0.160859492849561,1.33821917310079,-0.0690611666962033,-0.0515610272364805
399.5,51.509350995726,-0.160860153503592,1.33769867772933,-0.0784999847210902,-0.0586156375836357
400,51.5093589605865,-0.160860904455643,1.28962235186925,0.0312120098556254,0.0241977178212249
400.5,51.5093666391919,-0.160860605833616,1.24983410173538,0.0203646296143135,0.0162924244671471
401,51.5093740808921,-0.160860410985373,1.26977847209175,-0.0237198611367331,-0.018678142044109
401.5,51.5093816413447,-0.160860637877313,1.33873527333217,-0.0582053943912303,-0.0434505322584795
402,51.509389612377,-0.160861194678753,1.27991116972616,0.015079708558895,0.0117812948482225
402.5,51.5093972331607,-0.160861050388839,1.27935347945787,-0.040677691663215,-0.031784798230905
403,51.5094048506246,-0.160861439510424,1.33635385887343,-0.0987844313345009,-0.0737866615471783
403.5,51.5094128074781,-0.160862384517852,1.27986915566229,0.0183014858497541,0.0142985230319762
404,51.5094204280116,-0.160862209406438,1.29829534102136,-0.0665522913371976,-0.0512164585236043
404.5,51.5094281582585,-0.160862846061375,1.22605707619827,-0.185429355562019,-0.150102825812224
405,51.5094354583895,-0.160864619974101,1.2629976974522,-0.133179638948483,-0.10505901380825
405.5,51.5094429784698,-0.160865894031452,1.26909685379554,-0.0478871139896008,-0.0377153296694993
406,51.5094505348643,-0.160866352124541,1.27649797219544,-0.094619907952463,-0.073989292632726
406.5,51.5094581353267,-0.160867257294436,1.27993125628242,-0.0132657148813065,-0.0103640252885671
407,51.5094657562304,-0.160867384176427,1.27830081565899,-0.0659319701325123,-0.0515321564537796
407.5,51.5094733674269,-0.160868014898885,1.28997942755612,-0.00728536080075552,-0.00564759653417387
408,51.5094810481588,-0.160868084568787,1.22978330320851,0.0230873807430899,0.0187713306135943
408.5,51.5094883704736,-0.160867863674037,1.29927763717839,-0.0433315304153556,-0.0333381216302309
409,51.5094961065689,-0.160868278185524,1.28963257178801,-0.0307868443242518,-0.0238680369326683
409.5,51.5095037852359,-0.160868572686469,1.31609440927716,-0.101466772243015,-0.076944669301646
410,51.5095116214616,-0.160869543358688,1.24969319674281,-0.0276932124308421,-0.0221563826811029
410.5,51.5095190623235,-0.160869808264996,1.28984977903199,-0.0196862269397617,-0.0152612334352308
411,51.5095267422836,-0.160869996570337,1.30975243997766,-0.0254665657790471,-0.0194413512211507
411.5,51.5095345407473,-0.160870240173971,1.2898511886329,0.0195936515811533,0.0151894612726979
412,51.5095422207153,-0.160870052701465,1.27792706281665,-0.0728177321866692,-0.0569195833397428
412.5,51.5095498296864,-0.16087074929932,1.27998718836696,0.00572692032869068,0.00447417143425856
413,51.5095574509229,-0.160870694485647,1.32908369867497,-0.0493611377143733,-0.0371221628553127
413.5,51.5095653644881,-0.160871166680985,1.22962831016928,0.0302360518295175,0.0245846323930915
414,51.5095726858799,-0.160870877397238,1.27909312322313,-0.0481744966065058,-0.0376452164075077
414.5,51.5095803017936,-0.160871338241554,1.31996016101901,-0.0102554045595237,-0.00776932404069359
415,51.5095881610354,-0.160871436325057,1.23655560838161,-0.0923592300746177,-0.0745522916925911
415.5,51.5095955236749,-0.160872319872134,1.26972390459389,-0.0264802965021356,-0.0208521382596935
416,51.5096030838027,-0.160872573175388,1.25999994367868,-0.000376735607712632,-0.000298996518512638
416.5,51.5096105860321,-0.160872576754161,1.2299898025724,0.00500854948235946,0.00407200270218268
417,51.5096179095767,-0.160872528814161,1.31989207519193,0.0168792726599878,0.0127876762866149
417.5,51.5096257684127,-0.160872367308732,1.27998996577773,-0.00506828455545613,-0.003959607655722
418,51.5096333896658,-0.160872415769703,1.29757208002127,-0.0794147162009216,-0.0611263017586056
418.5,51.5096411156064,-0.160873175480318,1.29999706784933,0.00276108369073896,0.00212391212816621
419,51.5096488559848,-0.160873149039813,1.24941620597075,-0.0381987468074338,-0.0305637557109362
419.5,51.5096562951976,-0.160873514450839,1.2896123465151,-0.0316227088628048,-0.0245161836079682
420,51.5096639737441,-0.160873816950171,1.27956239143441,-0.0334676922816564,-0.0261496146878077
420.5,51.5096715924518,-0.16087413710022,1.32991607628302,0.0149408849793479,0.011233984395924
421,51.5096795109723,-0.160873994138666,1.25913389734412,-0.0467100477306211,-0.0370799628883945
421.5,51.5096870080457,-0.160874440975024,1.2198343756003,0.020102141771818,0.0164779110612794
422,51.5096942711231,-0.160874248639412,1.30968571175737,-0.0286938393840695,-0.0219054460270905
422.5,51.5097020691895,-0.16087452311907,1.28874220672597,-0.0569519499497878,-0.0441631528624248
423,51.5097097425554,-0.1608750679365,1.29982268696962,-0.0214705016026553,-0.0165165213920656
423.5,51.5097174818958,-0.160875273312967,1.10971508054302,0.0251483600936796,0.0226581189580984
424,51.5097240893062,-0.160875032703796,0.889876055732617,-0.0148527921200333,-0.0166893052146118
424.5,51.5097293877625,-0.160875174778662,0.609998879315788,-0.00116928759618639,-0.00191686608566174
425,51.5097330197877,-0.160875185952847,0.399292705664126,-0.0237767786594698,-0.0594770072415682
425.5,51.5097353972369,-0.160875413410724,0.249094006416705,-0.0212644296249518,-0.0851606166716272
426,51.5097368803804,-0.160875616836645,0.0199724548680569,-0.00104930764956188,-0.0524894818530728
